-- phpMyAdmin SQL Dump
-- version 5.1.0
-- https://www.phpmyadmin.net/
--
-- Máy chủ: 127.0.0.1
-- Thời gian đã tạo: Th5 25, 2021 lúc 06:33 AM
-- Phiên bản máy phục vụ: 10.4.18-MariaDB
-- Phiên bản PHP: 7.3.27

SET SQL_MODE = "NO_AUTO_VALUE_ON_ZERO";
START TRANSACTION;
SET time_zone = "+00:00";


/*!40101 SET @OLD_CHARACTER_SET_CLIENT=@@CHARACTER_SET_CLIENT */;
/*!40101 SET @OLD_CHARACTER_SET_RESULTS=@@CHARACTER_SET_RESULTS */;
/*!40101 SET @OLD_COLLATION_CONNECTION=@@COLLATION_CONNECTION */;
/*!40101 SET NAMES utf8mb4 */;

--
-- Cơ sở dữ liệu: `typing`
--

-- --------------------------------------------------------

--
-- Cấu trúc bảng cho bảng `lesson`
--

CREATE TABLE `lesson` (
  `id` int(11) NOT NULL,
  `content` varchar(100) COLLATE utf8mb4_vietnamese_ci DEFAULT NULL
) ENGINE=InnoDB DEFAULT CHARSET=utf8mb4 COLLATE=utf8mb4_vietnamese_ci;

--
-- Đang đổ dữ liệu cho bảng `lesson`
--

INSERT INTO `lesson` (`id`, `content`) VALUES
(0, 'fj'),
(1, 'f j'),
(2, 'dk'),
(3, 'sl'),
(4, 'a;'),
(5, 'a sdfjkl;'),
(6, 'asdf'),
(7, 'jkl;'),
(8, 'hg'),
(9, 'a sdfghjkl;'),
(10, 'ru'),
(11, 'ei'),
(12, 'wo'),
(13, 'qp'),
(14, 'q weruiop'),
(15, 'qwer'),
(16, 'uiop'),
(17, 'ty'),
(18, 'q wertyuiop'),
(19, 'q werasdftg'),
(20, 'y uiophjkl;'),
(21, 'q wertyuiopasdfghjkl;'),
(22, 'vm'),
(23, 'c,'),
(24, 'x.'),
(25, 'z/'),
(26, 'z xcvm,./'),
(27, 'zxcv'),
(28, 'm,./'),
(29, 'bn'),
(30, 'z xcvbnm,./'),
(31, 'q wertasdfghzxcvb'),
(32, 'q wertasdfghzxcvb'),
(33, 'qwertyuiopasdfghjkl;zxcvbnm,./'),
(34, 'FJjf'),
(35, 'DKkd'),
(36, 'SLsl'),
(37, 'A:a;'),
(38, 'A SDFJKL:asdfjkl;'),
(39, 'GHgh'),
(40, 'A SDFGHJKL:asdfghjkl;'),
(41, 'RUru'),
(42, 'EIei'),
(43, 'WOwo'),
(44, 'QPqp'),
(45, 'Q WERUIOPqweruiop'),
(46, 'TYty'),
(47, 'Q WERTYUIOPqwertyuiop'),
(48, 'VMvm'),
(49, 'Cc ,<'),
(50, 'X> x.'),
(51, 'Z? z/'),
(52, 'Z XCV>?zxcvm,./M<'),
(53, 'BNbn'),
(54, 'Z XCVBN>?zxbncvm,./M<'),
(55, '47'),
(56, '38'),
(57, '29'),
(58, '10'),
(59, '1234'),
(60, '7890'),
(61, '12347890'),
(62, '56'),
(63, '1 234567890'),
(64, '$&47'),
(65, '#*38'),
(66, '@(29'),
(67, '!)10'),
(68, '! @#$&*()12347890'),
(69, '%^56'),
(70, '!@#$%^&*()123 456 7890'),
(71, '1 234567890!@#$%^&*()qwertyuiopQWERTYUIOPasdfghjkl;ASDFGHJKL:zxcvbnm,./ZXCVBNM>?<');

-- --------------------------------------------------------

--
-- Cấu trúc bảng cho bảng `list_test`
--

CREATE TABLE `list_test` (
  `id` int(11) NOT NULL,
  `id_user` int(10) NOT NULL,
  `Name` varchar(20) COLLATE utf8mb4_vietnamese_ci NOT NULL,
  `Content` varchar(10000) COLLATE utf8mb4_vietnamese_ci NOT NULL
) ENGINE=InnoDB DEFAULT CHARSET=utf8mb4 COLLATE=utf8mb4_vietnamese_ci;

--
-- Đang đổ dữ liệu cho bảng `list_test`
--

INSERT INTO `list_test` (`id`, `id_user`, `Name`, `Content`) VALUES
(1, 42, 'DF', 'about above add after again air all almost along also always America an and animal another answer any are around as ask at away back be because been before began begin being below between big book both boy but by call came can car carry change children city close come could country cut day did different don\'t does down each earth eat end enough even every example eye face family far father feet few find first follow food for form found four from get girl give go good got great group grow had home have hope hat hate'),
(2, 42, 'tmp', 'In this part you will have the chance of practicing how to have a conversation with someone you have just met You will learn new vocabulary which will help you in knowing how to confidently introduce yourself You should be able to provide information about your job explain where you live and give other simple details about your life in order to make new friends. Good luck!'),
(3, 42, 'haha', 'Xe tăng Tiếng Anh là Tank thường được gọi tắt là tăng là loại xe chiến đấu bọc thép được trang bị pháo lớn di chuyển bằng bánh xích được thiết kế cho tấn công và phòng thủ độc lập hoặc cùng các đơn vị chiến đấu khác Hỏa lực này thường được cung cấp bởi 1 pháo chính cỡ nòng lớn với súng máy trong 1 tháp pháo quay có giáp hạng nặng và có khả năng di chuyển trên nhiều loại địa hình nhằm cung cấp sự bảo vệ cho xe tăng và tổ lái cho phép thực hiện tất cả các nhiệm vụ chiến đấu trên chiến trường Nó có thể di chuyển trên nhiều loại địa hình và di chuyển bằng xích'),
(4, 42, 'Otaku', 'Otaku là một từ lóng trong tiếng Nhật dùng ám chỉ một ai đó quá yêu thích, say mê anime, manga, Vocaloid, cosplay, những thứ 2D. Chữ này theo thế giới lại được hiểu chung là những người thích đọc truyện tranh và xem phim hoạt hình, phần lớn mang nghĩa tiêu cực. Theo các nghiên cứu được công bố vào năm 2013, cụm từ này đã trở nên ít tiêu cực hơn và ngày càng có nhiều người bây giờ tự coi mình là otaku, kể cả ở Nhật Bản hay bất cứ nơi nào trên thế giới. Trong một cuộc khảo sát vào năm 2013 với sự tham gia của hơn 137,734 thanh thiếu niên, có 42,2% tự nhận mình là một dạng của otaku. Văn hóa otaku là một chủ đề chính của nhiều anime và các tác phẩm manga, cũng như tài liệu và nghiên cứu học thuật. Thuật ngữ Otaku bắt đầu vào những năm 1980, như một sự chuyển biến trong tâm lý xã hội và nuôi dưỡng những đặc điểm của otaku tại các trường học Nhật Bản, kết hợp với việc những cá nhân như vậy tự rút lui để trở thành những kẻ bị xã hội ruồng bỏ. Sự ra đời của nhóm văn hóa này cùng với sự bùng nổ anime sau khi phát hành tựa phim như Mobile Suit Gundam trước khi nó được phân nhánh thành Comic Market. Tiểu văn hóa otaku tiếp tục phát triển song song với sự bành trướng của Internet và phương tiện thông tin truyền thông, cũng như ngày càng nhiều anime, trò chơi điện tử, chương trình truyền hình và truyện tranh được ra đời.[2] Định nghĩa otaku sau đó đã trở nên phức tạp hơn, và nhiều phân loại của otaku nổi lên. Năm 2005, học viện nghiên cứu Nomura chia otaku thành mười hai nhóm, sau đó ước tính quy mô và tác động của thị trường đối với mỗi nhóm này. Các tổ chức khác đã chia tách nó chi tiết hơn hoặc tập trung vào một mối quan tâm otaku duy nhất. Những ấn bản này, phân loại các nhóm otaku khác nhau, bao gồm anime, manga, máy ảnh, ô tô, thần tượng và otaku điện tử. Tác động kinh tế của otaku đã được ước tính cao tới 2 nghìn tỷ yên (18 tỷ USD)'),
(5, 42, 'Miku', 'Miku is an emotionless looking girl with medium-length brown hair that has strands of hair hanging over the right side of her face . Her notable accessory is a set of wireless headphones that have a triangle-shaped logo on the ear cups (Audio-Technica) [6]. Like her sisters, she has dark blue eyes, an average height, a well-endowed figure and large breasts.\n\nMiku usually wears a long-sleeved sweater that covers her uniform. She also wears black tights and puts on her headphones around her neck. Most of the time, she has part of her bangs cover her right eye. She wears a ranzel');

-- --------------------------------------------------------

--
-- Cấu trúc bảng cho bảng `pass_lesson`
--

CREATE TABLE `pass_lesson` (
  `id_user` int(11) NOT NULL,
  `id_lesson` int(11) NOT NULL,
  `time` int(11) NOT NULL,
  `accuracy` varchar(100) COLLATE utf8mb4_vietnamese_ci NOT NULL,
  `day` datetime NOT NULL
) ENGINE=InnoDB DEFAULT CHARSET=utf8mb4 COLLATE=utf8mb4_vietnamese_ci;

--
-- Đang đổ dữ liệu cho bảng `pass_lesson`
--

INSERT INTO `pass_lesson` (`id_user`, `id_lesson`, `time`, `accuracy`, `day`) VALUES
(42, 0, 11, '69.57', '2021-05-21 00:00:00'),
(42, 1, 24, '89.13', '2021-05-17 00:00:00'),
(42, 2, 0, '100', '2021-05-06 00:00:00'),
(42, 3, 15, '89', '2021-05-06 00:00:00'),
(42, 4, 23, '93.48', '2021-05-08 00:00:00'),
(42, 10, 18, '100', '2021-05-07 00:00:00'),
(42, 34, 39, '80.43', '2021-05-08 00:00:00'),
(42, 38, 38, '78.26', '2021-05-17 00:00:00'),
(42, 42, 19, '93.48', '2021-05-08 00:00:00'),
(48, 0, 8, '100', '2021-05-07 00:00:00');

-- --------------------------------------------------------

--
-- Cấu trúc bảng cho bảng `user`
--

CREATE TABLE `user` (
  `id` int(11) NOT NULL,
  `username` varchar(20) COLLATE utf8mb4_vietnamese_ci NOT NULL,
  `password` varchar(36) COLLATE utf8mb4_vietnamese_ci NOT NULL,
  `email` varchar(50) COLLATE utf8mb4_vietnamese_ci NOT NULL,
  `is_verified` varchar(12) COLLATE utf8mb4_vietnamese_ci NOT NULL DEFAULT 'no verified',
  `first_name` varchar(20) COLLATE utf8mb4_vietnamese_ci NOT NULL,
  `last_name` varchar(20) COLLATE utf8mb4_vietnamese_ci NOT NULL,
  `wpm` int(11) NOT NULL DEFAULT 0,
  `acc` float NOT NULL,
  `avt` longtext COLLATE utf8mb4_vietnamese_ci NOT NULL DEFAULT '../public/avt/0.jpg'
) ENGINE=InnoDB DEFAULT CHARSET=utf8mb4 COLLATE=utf8mb4_vietnamese_ci;

--
-- Đang đổ dữ liệu cho bảng `user`
--

INSERT INTO `user` (`id`, `username`, `password`, `email`, `is_verified`, `first_name`, `last_name`, `wpm`, `acc`, `avt`) VALUES
(38, '4501104135', 'bcbd678e09ac5d3a2fc4039c1a986fb3', '97o1241521141@gmail.com', 'no verified', 'Lê', 'Tuệ', 0, 0, '../public/avt/0.jpg'),
(40, 'vinhlehp', '4b7b46a212821cccdb43e158df95753f', 'aduthangzinh@gmail.com', 'no verified', 'Quốc Vinh', 'Lê', 0, 0, '../public/avt/0.jpg');
INSERT INTO `user` (`id`, `username`, `password`, `email`, `is_verified`, `first_name`, `last_name`, `wpm`, `acc`, `avt`) VALUES
(42, 'Takumi_kun', 'b98e37166af49dc560697e5c4eab4806', 'ah09program@gmail.com', 'no verified', 'Kun', 'Takumi', 28, 97.26, 'data:image/jpeg;base64,/9j/4gIcSUNDX1BST0ZJTEUAAQEAAAIMbGNtcwIQAABtbnRyUkdCIFhZWiAH3AABABkAAwApADlhY3NwQVBQTAAAAAAAAAAAAAAAAAAAAAAAAAAAAAAAAAAA9tYAAQAAAADTLWxjbXMAAAAAAAAAAAAAAAAAAAAAAAAAAAAAAAAAAAAAAAAAAAAAAAAAAAAAAAAAAAAAAApkZXNjAAAA/AAAAF5jcHJ0AAABXAAAAAt3dHB0AAABaAAAABRia3B0AAABfAAAABRyWFlaAAABkAAAABRnWFlaAAABpAAAABRiWFlaAAABuAAAABRyVFJDAAABzAAAAEBnVFJDAAABzAAAAEBiVFJDAAABzAAAAEBkZXNjAAAAAAAAAANjMgAAAAAAAAAAAAAAAAAAAAAAAAAAAAAAAAAAAAAAAAAAAAAAAAAAAAAAAAAAAAAAAAAAAAAAAAAAAAAAAAAAAAAAAAAAAAAAAAAAAAAAAAAAAAB0ZXh0AAAAAEZCAABYWVogAAAAAAAA9tYAAQAAAADTLVhZWiAAAAAAAAADFgAAAzMAAAKkWFlaIAAAAAAAAG+iAAA49QAAA5BYWVogAAAAAAAAYpkAALeFAAAY2lhZWiAAAAAAAAAkoAAAD4QAALbPY3VydgAAAAAAAAAaAAAAywHJA2MFkghrC/YQPxVRGzQh8SmQMhg7kkYFUXdd7WtwegWJsZp8rGm/fdPD6TD////gABBKRklGAAEBAAABAAEAAP/bAEMACAgICAkICQoKCQ0ODA4NExEQEBETHBQWFBYUHCsbHxsbHxsrJi4lIyUuJkQ1Ly81RE5CPkJOX1VVX3dxd5yc0f/bAEMBCAgICAkICQoKCQ0ODA4NExEQEBETHBQWFBYUHCsbHxsbHxsrJi4lIyUuJkQ1Ly81RE5CPkJOX1VVX3dxd5yc0f/CABEIAtoC0AMBIgACEQEDEQH/xAAbAAABBQEBAAAAAAAAAAAAAAAAAgMEBQYBB//EABkBAAMBAQEAAAAAAAAAAAAAAAACAwEEBf/aAAwDAQACEAMQAAAB34AAAAAAAAAAAAAAAAAAAAAAAAAMPgAw+Aw90AAAAAAAAAAAAAAAAAAAAAAAAAAAAAAAAAAAAAAAAAAAAAAAAAAAAAAAAAAABIKK8ZLAr1Gzhp1dAAAAAACFF17cqeG25UW4gBgEGPrWxUPGWJSrNtytssUCOZIKUZrogzlwBkx4rxlsCvcCYcYV5BUtsXRSy8J4GAMV27cFTJNmgYgQ4O7dFLZGyAMUBALKdWvbFTw23Ki1EUBgAGAAAAABoIq9LcpTS6KXoXJzqgAAAZUVumiWhUKUl7dfjhtk7UC5cR6+ILNqYsejuvRH863FyNPJ2LMTPh7Fcxr4lHOv6nNBDuM4sc8hb9Vjqs5po8iKDRZ/YZifKl9Gy7WNJ5cKS6zVIth3p55l625ydaznZ1g02npa7UMWpXdGR5HLjPn3o/n1t7Pqprdm2Odh5tRkNtieipqsroNfTC2uaCMc9VXs+vjh3otLK1nyMyUCc6xDBkjkBlstShHlfdpJStZjTs7jD6TKCt18O2ZCNpmKvC2mGeTNqBzgDILGH9kittTdy/NPCo1b15xiKSlhVwtLJ2WNvr0lfnRE1G2clQcrA6HkSo2zl0vxbCHHmxnTtvRudJQX8uEo7ymbmgOpRZtC/An8zmJ22DqpKq5Nb7ojyOXlFJAXW2ORakwrp99t50WVzYYTd5SqUMsTa+87zvJzwcPtsTehe0V8zavNWeThfjEhFqv6pM+PKAjOdUOvh2lOaEb0raj1rbZt1fHhZPVb0+ywkU4l9bNwFlnLrhp2cI9ToGNejiTUdCWVnXWPM5DmMY+MvoybvoV5exXityM/N1AZp3izQOZTpHrHna0rVY9247zL9bTr2x3ibsQ5sEL5hhLNa+ir15nb5OdyrsoyZlY4W9S/v8VsZcjmavKzJZh1T1el7TZd5ebUpooqyl5ia1WsadC0mvo+hzInKXVL08oFnRLcUnj6anH6bNdF+aPOWzKmMlU/QNDVbFOfoE+VnPuwurl7yIy7y+3dxzehRTp4kWR4Fh194k3HV3oFTV8gSo10l7Xz6dPN2c7zECr0dBUsJ8OZPBh9Gbn+T43RkAeZtwikmq82l2fQcjQ5erOgcjUncrqLWvlyRUuPVnrO/kSulQTkAgUA1KePY113TaZ3o2vTStSlWKvFUerdnhKLIUCAGgAAAAAAy8LrT3FTfNuX9c7M6LOajUeSpmNsnUzoHV0ddQl5SFcky7tJZNqh5yqudROM1LkPox3at2POwCJi+VdVWelRmh46hWflpa1GnUxig1DT5jolunpirV43T8/TJhTCeVtrGk5Ugzq8Mj1py/e65GDLF+nl7yT+y7JJUUTUGNgl73mmRt7gyTT6Vz0AxznUCgGoA0CspN4709tYDoAbIAAAAAAAAAAAAAAAAAA7wByK92TNdfr0tFpLWL14iPa1haRd0urleeBLgrqCZUW7W7as2IssCPI3TrYs5GkQKK6y5zZIXXKX0LHS4uTOm1OdjyVNXqM/eSZcXrPfiVc6LAygw+BlY2wKGGTt63enNEqver1vQJaXojmM00uOXwJgAYroZQDgJA2YcoQmVzsuigDoAAAAAAAAAAAAAAAAAAAAAAAAAAKSYcqblUK52E6m/bL1ud06y42/FnLHIQu/pyNll9VLi5Fl1Ry1xFh9FZOogXnPVPeiSRitxBdsYt3l66K4yup558zemoNI66Kw6E1EmvsObABWAaMUUz7rZDTuLystAMHF9GydrVFvUWVF0Fjn7OCTe8XMAMoJUgU4ZnU7L69VABlAAAAAAASCiPIAAAAAAAAAAAAAAAAAAAAAUkwey2l5z9ELR4zY1ZUeQ0h5+/FkdPXdaagv4c5S3VISyo2dVdtZ5jT8igC4NrhatAB3cEnSUF/y9ZRXudW2YdaOrdtZ0txyzUAjEOZC18cBb0JN1nJRz6t6gsU4rECb5yn3eXp0O9b5blvZWa0sUAJ1ELp9SG4xYUmAOgAAAAnig6AAAFfYQZeasDcAAAAAADri60L4CQGwAAAAAAAAUkwjS3KXmvquNrc8/XOidb3ehzVxFJzDhLfPEaLP9bztPRKOLUqzLMenQ5uHw75D0GY6aKwQQ41ZXS0L7nnFrp6GrmoXDzVgK4AbX1uhS2YlG1z9OhwYK8VxZZOyk1025yL5hq+oezjLeoij7cDj6mspLZdJMttykADQAAQuODjgAAAAA3FnU+bcAbgCQUAAABLiuRZ+I63mpAugCQURk5ssDcAAAA6cVNq7R5i8laJntrl+mXZsFVY6ftXacvRzN6XgZYvq3o54NPdVLX469bz7a3VOLjACNko8BPL7WT67XJ2ShZHlBtw052GbL7itDQseOJRKqp1VLfnqa16LW/oT2R1/LRFDfRNjS11rTV7NPPzTkFrrdl6nHK6DL3ik4AGjSmZIAAAAAAGd0VAbMs81c6TOd6uR31ws2UDoN8E7iitiFbeJElr0N8djrR6JMsWh0B+UAAAAABVLc1nNbTQ0znzKlrVdfIxa1tSvZ6GvJ6fmo8AoAgwA2YIqGLGia708xzrzLzUIXx95HkUGrPsIE/AZeax6EDoyZb5y1ns1l9M0wzd7R29Du3xunWU5K+T4sxV2VL0dz8yr1S8sebCnHMAoOoWjNOdabOPc6AAAAAABTXNPm1NnYU+Uu5FRY7Obxl6LQ3iusrUDkk9AWwrHc5PcOVmelG8zqKp4LIDcAAAAAAFJUm1OozGhjZ2ptyk8rU7HP9K1LzAdt9dYmwnupKnuQsmIgCW3h8YH5hOFfr7B+iIasmtbcu1tNhTYABmV1Fq8dZlEBTdm/GXufigZPcZmr9mwnq82iQtPK+czery/S1tOfhrzy3Q3FrUnnfjUmO+cadborgrgcO80DnQOkibRqW7oXzU1do5y9udRc1F+aY9VTaSkwpnQzD7ssqubCmkjnYIMIRIGcmLMWHMqrU0A3AAAAAACqucrC+57jtU+P972bZ+h3xRvN+buDXMzYzeBxbtgpVybZabGkiEUOVO5KoWZdqPcYefmt5yF8twDBGY0uXo9cTnqdV/LQvn4zOaDP1wcZbd9SBzpSU1yzZJUGWxsZQdCS243zVeSok0eO832RkC+QfrMlvNiPxLKiocSiLtZ3QZ7snr1BydohYGfha2JSUCTWyb80nN6NDZEdo5RsyImcMpFjXiWBGk4U9tBdzZYG4AAAAAAVVpFlTMPsHT0bG386uJx1xTS5EsQtcO8WaAZQGK7S1h0rNGWiUp2AlbJm7X2AALohcXVqorZ2capMW/VpnUL5OqFmn6HpJNvn9flroDnnQSIU20IzseXqdA0eSgm0lKEyZs6dM3H4jkXGHI9FYsIkls7wjYSc/oKLH1oHL2AAAAN0WhQyUkuH3p5SpvorEG9obYWSlRhRXtDcMEC0pk26A3AEAsAAAOIcTm5qLeSc6cyqfCs0+bTzMyyXHdXHusJFkNMIaToyMj3GnRR2dZRvEnBGoCcxQAESXG0xztje9E4k8IYRnsntqtEnnR0N76i0cefrfaqawpzTtueHMhzAANAAAAAAAABh9oFLACFIj4TKmxbSt0Bz9QAAHA6MR9WdSuMOiXYD14NEqsZdERpOZXcsKTdvaa5qVLYDcKq1otL0DABoHGhG7TuNzWynet4K+jHdYF6paW785KRevDlyq9SE87JtxciSxaVAFoc6gUA1FgZQANAAQ3HqqJFh2a6dMKaq5yb6ggjeYt6GqXXQeMSXCm4AGghbIPAADLwAACVAAAV7kSYrt2tLo5V6BK4iLAecqPJmMtY/YitEedFfkOaBm2dLS354tzl9JWTlPcQcJ1TaVmFqBuFPcQdJD0GdgMLa0jLprJnrtVmd1GtLH0XMbL1esq7TznLliir12Kej0bVMSXBOAExaFjAGPxK0agAKsDKCFxtK+EwdfJ3gPMU/dTdE3neXrGV4tnS/As6Vtwa3z4djn9BmgG4RpMQJYAU1zQ3rHQFAABKoOEOziykrF0NPcRuV86GbEtXAAbYVpfI7AWBnKPc3559rgs+cVm0Legyt+e8iyo1IIREtjXANwYW4FNbVMxtcY6xu09lW2AzW6wc6V9cUVtIc50IwavRIotESY1LFrUtiaUhzIKLR3GUBlBCwxB3mzWBlCNJ5uZLuik3hnLOyRN+dBNUhjNtRisUnpcv6LQrKfX2FYkYd/SXYAG4RJcQJZzoZ3Q5rTNoAuc624BWzUzpGEcNvJAc/SAGkR9IMDGR1XqLX411jtyxti9uG9aLf0DKJ6zRZXTBdRzl+Srva9OONT7eHTn+X1TpGENdfK8lZu0c2DJzVtOR16kdSUW60mCsZG0IE+MVUt0D5ImROzhVos3Nm96BzXWIXjgAwAAAAAAcZB9FVAfb6BWPURQDaivuLfMqmbOuSUmDMhMsa0hrCaBuEWVHBT1bZaZnTZvSGjTsPMkqGwg3tPY8/VTyq/SMr4EbgAcjyarcz+xVJedDgfSojPkRzvR1JJKhmb+j1ko+fK1NdHmsno6787FpXaCHUUrUyXRJnUU3VqW7ig6uaZ3nbxo5jElHRsMhu5tnajdJNykqVFoFjXMiadVdY8+tZvUwXynW121LmXSXcJgC4rqAZYnub0AYhzIWtkUCbd6WTleMU9d5Ov0cx+Gc6JnkCDMi1i3HGdyzrbej3LwDcI8hkKe+z98xT3VbZKEN407Dkxke4rrrKQ6ZOiiS80AVgAAAHVNOvNnN6rBVoxZcnv2QpMmRNam5o7EVyw52EKFiUX5bCuu6Tn7J77DQLcdRqychsMlWclK+dfNWKjPz6JO1wtnkNUVtlGhVWoNka6fTdTStx57olTTnO8xio2jyt+1zY4bRby6QCEAAAAFgZQjyA3M90qKGfn2ITS4laaAY4haNSujSY9J10aypjdNS3UNklKgzjBl5jSHNak6Q5zC11l5DO5Gu6u65+pNHLtFZwBXAAAAAAHmTcfrZ3XXJy7aA/ZyPOdlkWagRHeoULQXUK2eSIFnTJXkhlxaWQrrw5j9hj6pLQ7C6+dKL2olVmxgopzvW2YfOv0IgT+TIuC9HzFlzsua/eWlchyuRm8F6FmamfnS27JsxKuKyeLDEQ6+jpbXTayzSQDGa7xp3ZgBiuhlAAE8DZ10eVDoqs7pqZWuOxX6yqbqrnZrzL3NyHJiK0mxnervKGyzmNUnES6bjXYHX62mAjoAAAAAAAHAAaS63joSpONxXFgK4rV6rnNXtEla1ckMLzZqmLB5RMtZ1/TzyINixWevxm18/g2mRbScfzd7r/VSx1Wc0fNhW2UfJZpSUdvDeWNJd8nYUN9T6lad51c2lkQ5nD3Gcsad61fFtU7tPdVdpDziDOrgzetwFnauxW25CAAMJ6kQA1YVZa0brcwLUVs3ZZ3RVRVbIZ3LQjyDIqXWtGpFdNVoNpEt5W8wl6ilp1NOi6V0N7iNnzycAigAAAAABzvA426k1tLpjNKV0E973cIkynMcfndNYe60K7WQ4NUbS8z2csuRW6iLzMFtqSe6c5GVsu9w7eOVos9f83WuJLrJvj2uHYXerzWn5sTntDm8apkRivdrls08+CQHK43KdtkxXQjpEls7mU49zu4Z99ktHz9MoEwtwDZgAMZfXZFs1biFruHuHaKmP2tNYVSNdMQkLKHOjbkRiRQI+qvshrUrmKS/rK9vXp09aV12xJjHpxKIvqFGdAAAAADh3gcOgcOgcOgFFbVQPsJT1c7Tbq6Kw2thl4hXWxizq2UfYS8S7Lr1dUxIfnYB6vBPted5OsobzHnTXpt3ejLC7Yf5kMlrco+VfZcS17imTHxrC0zm2OaaoOZFgZQANq6bW5C81Pxn6x0pCm8tQDAAAy+ozzZfLbcXUefeiZ1tpLXPaK87GDIWuMPQJeCMxp42PV6GbnJV2FKTU6Ku2UjHdW0tUUw+bnFnTAAAAAAAAAAAAAIYV1xXWaSootlUehCQpSXI8WXABQ1MN7XejUsq5WXMea73ZctYVV652a8SuApFr48zo1TzNphPEd5yNnZ0HqiAV5q2Ld1Wdk7a09xyVGXqjMmyokvNAMCqtW9MLZwl37bq4oL5ODosniBZgijv6zckqps9XNBRxHqdCJ/I6xuXa+XSUiosYyjrEOYpaycjpuPvh2ojN6c7juLQvUUpKtU7zhiivaC1KOUbZDTpgAAAAAHMZYwlto5VHeLxwc/q811zWMSulYsOZEBvVZTXz23T3kKcAEFoXjAxSbWyySF9GT1cfr50m5Q5ydYy9mylWIKelbuMvN55HkOGXbiTmXuenVVmvJsCfLAOZp0DMrXaSh6SbeZ633ntgOXpArdyVQNc6uRFVeVe9Ta7e+h20tXt4a8mTnQmumFpw6FU1Ngozr65PF3WrlBoF1PV9MF8Uy97zovWXgMtIlx8o/wA6Y8e/gzmiAGAAFO/Q5RUkJdTGoyun3hXm9FU156SdXWfekevs4O5KkdG5qmbXoX0L+bk7TJXLUM3nYivMz9olxr3FavFqTzQIKsxkVNdNnnYmmythXW1AvFJk1tgy3QHNTPQX2upNBYV9hzVI0lnHeOdzI2b0tB0QZnxnXXQiYXLdjOos73UvsjYNWb646s51NCHXOlfT2cXoSxVU2mjdZcV25LkVcrg7pTUiDN9P2hv2U6dMA6YBThcQItybWzHgwAAAAhKzWOTAn1DzVqYyxc5huXRMyq/ObNuXGb71ua6xi1TVQW7/AJqYSF6KxTcBYaYZaU0T5HJztES6Yr4Igcr9yRmLHlnzXNC29I+wQ5CMSg0WerDk+AOaoDktmmrWJ0ZaT4U3nqNOsGjiVbJmltsm95Sq60bq0eQsqlZu2SH6RdtuKjECozJlHSWnQrgFeRiDJUnZWW8B1SyZUtspbivZm20dbc4WpIVxMyrUzLyGbQmec1nJ6JgVFxS3QABgABEYyWPMn87PqAXmv3DMinKUN83qwns/cLFWeuXaLRS4z3bOBv8ADykNWQX54/1Dit0Gsd3kKE6W9Xm4VWsplCp66Qq79ZtWylRQAXEUOhyNKtdjdbv3PWXo+XEqr2jq1xKhTZMJUYIBWpU5a+o69/LStsdaFOf6/GxoYVtKRzsSVIGSUnr2RZIsW4o1pOXB0LCVM7VbXEU23j3Fbuxa60g0TYMlT51IelyV7UVZwOR1t0snsUr8EGnr0WdHIXP3YlZJna+GvLOCvUAJQsmLdpKApzAAUBc5k2xZm2TyjZvXZRsfrpEzqjDYUvZwOpTvW7aU0glaHOtxNVdy+t85O0VrLorrIIoAYAAGc0de1Mnxc2vfb21JdT87tJds4kexqLfKACsBF3M+hznTjqmDZv8AWJONdup7yt3IX2Sp1cm9saqq+SqHNxK6Q2zp821bbxmp65L2uPZSN3AmR1bjMfVI+KnPQmppVptOViHLoN2qvmbUm7Gk52akqVYvZCVZ/SJKiS59RIVbmCwpzAQwl1zViywbLpuABhSXYGfr7iMK0RH+uENVm2tIj1i8jtTlzMk06C6AYAAAAAAHOgUHLKsu/bWqQbo1tuc+c6AwABnp+cvGQQ1XhNjLpstJv8vtp1sA5zpmI619RKtKbRT144mD1eOnx+jqjnbmkKU3C5piZ8ymac6dAditzQPSCk6nh6+VpAJRq+dBcecG1q3JDdm/1qCE0YQrKutGSlvWoONqOnM3rdercalS+soAYAAAAABzP6E0yUhKOvkdsqZQmtVm9Dz3WAugAAAAAAAAAAAczelhUzIxxHRfQ6jzfVQL4CODTsE3GtPnT1taas1iQyVfPi70M7nK7BecakNT58uLR3cUjRZ3Rc1ytsqFOiiAp6lhrqm2l56IDzSxolalljEoYsehZtmxDnkm7rnebrmVEuvZaKwlXrZEmhJxpqi3JjMTVMlexPqjIbi+jaOmuadWW+3VsmlEqAAAAAAAAAhlACoVjZ1kl2PIpGNWXjAzTVfMyi3JbeKmVAiG6Z7DIzd6ZC8QswMwAAACkyvotPZs3YPN35tDMrrHj6SNJax8euxt7V7JCEc+hyH1TkaHMaabL53kXzVahHR1zNfjdlPmM/oK/I492K/fv1NxjNjzxUhbKwXWsyTKK+khQbcMAACptmzXO1NsrENiIDbF3CdWLWB3Mtszp6YHmrWoC9qJ7OM3FkNsibrM6TNUAAAAABF5Q6ImPS6wAHnBnIM1USYbjD4AAAAANuAVFPr4JSRded+gyZYC4AAKSs2urNJFd251fYJo06ZkSXzu4AY1NU3ON6o2egxd+NqeoObcjCvaGvod2mLvMy/50n52Ig7nF9NXJlc6vfpW4ug5+IAzAAARFCaNOgABBg3lRjTpSFqwEYGoEyOyuzqi83CB3hjFk1GBqaqQFOWtAGiELAAAgtUunbVxy3PzoMgAAAAAAAAAAAAAAAFJYS6lK6o7yYDddparzERn2RhjabkrLOWAAoAAAEfNaqmrlGi45V9B2HM54sYX0HOPWmXHef0NjKxuslwPRJZkcWxu6PeizcCagAAAHOgRJC+B0ABKgKmfEjrSW7Lbza2ZUaB0r48mMLIsACpnp4EoiSwG3AKm2qbI1yjjLZGLnpbnANwZdhmzRKjAAAAAAAAAAAAAACrtKvG0NUyovUQ9Hx2zRc17bGHFaai7prnkUAXAA050MRDmcadABejt1QWCLY9OxbCs7nGX6G5EcOvXTcHZL591JYkxwAAAAAAAAAAQvgdI8gDP6CFjP0MLQMtdos7otWkn1MVW0cnzvZG8cVNM50AAYBzJzbCk4s2OqkXgNwbcYCBZOBoAYAAAAAAAAAAAAMx1ZqCfFCBNqNSdVfLtezyC7JRiK6CuAAAGAlQABvErBarM7rNVq1Jo5L2172bvpcrzLyEMjC3NNXpz1nE1WY6BKIc6AAAAAAAAAADbMpoHec4Gdtqi2tCFYQk4zXXbuVcHt3eG1tnU2xgcpNJcB+VWAA8yBPbzXDndwAAAAAAAABAIey2l1nAMUBsF1vLLNQ7w3O1Npn8bT2TLkaqG6MfQN4xD12HM9IaWiVXWMlAM1Ckmos53HADQAMhA3uOr1xJ9Ui3PuJeRt58dujtdGjdi2tbdOAJURwlCeh050AAAAAAAACLKqtIFpUTejn7CnR1J1lW2MOjrD1aC5FSpli2a4VYTjnWUAAAAAADgdOAdEgKEALSkNyespLrXc4hrEVC5YGqEm504B2hvKdX2VYxA2dZGu4tqQJKJ8vRhyrB5CbYxJcuMAwQBswAFdQGrEBqmlhmPqfRc/d89d0c+m2yOuQLQ4R3vU9DsWSkIbtdaaHJBhHU8kF9hgTDgHQAKG6oHXkO1o+ieg6w7iQdJRIla4pVytVTrHXk+2joMSYEk1brfdxQgBfEgKEgdOAdOAd4cN6cAO8A5EkOAAAHAOnAGqOdWlrciyaS7Mm2EptSedh1AGaAAAAniwVB3moA2DhVQnNEZ5p5aQzMAfXUMB9fRky6+aQtDhJO9SAo4YRn1MhIOAd6npvW1gQZ6IgT+86FdC720+trKzq7Zo3XYsljCR1PTOiWgfbQ8HF8A6cDO9SAoSAoSAoSAoSAoSAoQB1UCXmrEmihPAXxIChIFRFkR87HtLA00m4CU41MVEWuWFdzlo3dnU23L1gC6AkxUerr7RdorWrszPeG3tJFTeHG2qV1L58mRU9NFtRTW4tUNr5k6cA73gHeAApHQV1PQ6cMFNOdNZkMICkkR3+mPTg+dOdDpxsFxorxr0jnTFCQFCQFCTBQkBQkBQkBQk3FCem9OGHTgECRGijXYAgAAAAAFC+xaG6WSHLVGUvMTfO2tRJutmXNjKMOeHP0ARsZnPwk267Mg21eKOi6sEll7e1JWad5xRQgF6hQZBrdBxihsaK7SizgHTnQO8A7wAUI6CznQAr8EVzc66AFUAAAAAAAAO8A6cA6c6AAAAAAAAAAAAB3gHQArEKexpwAvTgHTgAAFJe1VslNEBBs9mNbR9JX6eg2a1mAQkAAAA0OhrDqgwAMAAAAAAAAAAQsDQAAAAAAADnQAADnQG+rDECwECwECwECwECwECwECwECwOcUBzigOcUAkUAkUAkUAkUAkUAz10BIoBIoBIoBIoBHHA0ABLbwDC3AOHQAAP//EAC8QAAICAQMDBAMBAAICAwEBAAECAAMEEBESEyAhIjAxMhQjM0AFQSQ0QkNQYHD/2gAIAQEAAQUC/wBXRq56PRQxFFCllVhCAdGRWAAUf/7UTsPyUn5ST8lJ+SsW1TN5vN5vN5vN4+RWk/Nrn5tc/Nri5tbHWzISs/m1z86uV5Vbz86qfm1xcpHbebyy1a1/Pqn51UryUsO83jWBB+Uk/KSfkpBeGgaG7jPzEn59U/PqlWVXYdLbBWv51U/NrleSlh30uvWqfn1T8+qVWrYN5vN4XCj86qfm1z82ufm1QZtZituOzebzeb6s3EHNrE/Pqn59U/Pqn51MVgw7DLaZtNtRYwguE6qTqpDk0iNnLHyrXgOoUsaMcVjSywIrMWOi19LGXTFH7dM4+naJSZjJx1vbdtKquUAA1tphUGGlYqvW6ncS5OVfxpjna3TOH6tME+NGYKL72tI1qxWeJUie69SNHxgIaBGqYaUZDVFXV17Xr3hBHe9YMasjUSul7JVStY0ZgovuNjaY1XJsn+I0w/vplrydVGlQ9GjeW0UbDstXZtKD6NLRtYIn30yv4aYH2hOwyLTZqFLGnHC9psUQ3TrNOu867z8houSItqdr1aMitHpImPe1TKQw7SAY9LRmZILVPaRGr3i49rGrCCwADVmCi/INhglaF2RAi5f8NML76ZP3XSn6Qjw1gB6sqc8+3I+dKPjTIH7Ynzpkfx0wP6TKu5GD5VSxqpFY1e5Vhdm1abic1nVWdQTqiLkbRMlG7Hr5QjbRkEw/FelrcESxXGuwMbGqafibTotOk86Jn48FKDtstVBdc1h0rBY00itZkj9OmKvFtMn7D4LgTGbkml68bRB4lb807Mq7e1b4CDKh6NH8l69pV99Mn+OmB98m3guijdqaemNCQosuLalgIbYXYzzovZylOUyRXVxpbWG0Mxvppl/wVmU15QMBB9wsBLMuEkltFQucfHFQ0tG6AbxU4ys7PplfQ2E6YTa59fldKbjWVsVtcjKAGlO7MBsJa2yaVV/u0yz+vTB8C2zm+mJTtptGIUO5czkBGsJiU2PFwhBjUidJJ0kjY9RjYQj0WJG1quas1Otg0ur0x/rpeP17CECKSsXIgtQ9+4jXoI2QZvyjrx0aVUvYaaFqHZw4nQfEtXlXpS/B+axr6llmTS6BWn49pn4rQYxE42iPTc0/GtnRthDCYSoNchvGmMvq0zDqG4Yw+JRXzfQnYWvyMayIGdqsUCbexdio8ep1OlFxqZXDLpYODY/10t/n27kTq2T8q4T8yyfl2w5FpnVfcHfRYRuCp3rxC0VFUdtg2aH4ofkkJAlu3UFNhgxRPx0gprmwHtGuswIROrekuuLOj76ULxTTIblZo5g0xa+KaXPGj2bytGsamlahrvOqgnVSb9joHD18SahChEw7uLaXJzTDJ6ejHipNTQrCO3jGr0OitxIO8EWpjFqVfYuGljzFvWsnItedLlAAP8O8IVo2IIOaFLEcSxtlcbGDWpeT6M3FSZa+8A3mPSK10LAR7yYWJ1Bi2kRWDa21hgRsZ09zU3JNKk465X/rzczm06kGxnCbaum8O8FNhi4dpleIFgVR7TDcXWhItVtkrxq0/wA+8NCmDItqj2q8tG6zbavTDXzpcZY8aYdW7aM3EMxY6l1guE60F5EptWwaZCTbSo7NoNcz/wBcHtS50iXVvOCTppOmk4qPdd1QG+22JQin/VvHx51PLp6skcINMdeKaXv50pThXo7cjozEn8W5ocK0RkdCNKrDWykERhuNR5EGt1fOo4LQ49ywgjtpyCsS1WHu3ZK1wVs5/wBoMsqS0V/ptyzvcsqHlB6Y3gMdzKhys0tbZFjMFg5WNXUqDR61db6TSwOmG+66ZG6WKwbSk7p2HUqpj4iGWUWpOU30qsMqv5e5bkl2rqCf/gsq2LbS1ZiDZV+su8VDTFH7dMmM3Gb7zDTx2ZKB6+lOBmKSLdM7xA5EVuUxvp2HutxUeWUvWYDsQd5Vbv7VtzXtXWqD/wDCIDq1Zqsi/WZH8Rph/wBNMvxGO5BmJ/Lsf66U/wBNM/6RW2OIfT2W+mvrwZCwOp7CgYZGKa5tKdK330Hddc1zogRfaPxW24/0WItqVsVZPrLvKQSj0nTPB4aYNvnsvbZdMcevT/kDrhfyg1y/4aLYREuMVw3ZkY+0U7HRH5DtyryTVWK19z6W/wCgGZNPNcW3nXpYNnq+wgPiWpzrI2MqG0rv3m+llyIGvZj1DAwMx12GmZuzcZtMcbVQa5f8Na28xLezJo4FfgmI/Fh5GuVf0loq4DvJ7rx6VO6+zxmx94GPvj3AgiZibW1fIMqbxpl0aD4gciWXN2U1mxvjQnYN50UbsBsINWHhqKzHxIyMsHzpVbtqwBDIUOmNbq7BFrBtsFnJu4naKO5hutB9Psj4991FiYlhVpl18q6tEbY6fMtxeLaH43nLSuprDXWEGlzaP9sVN39hlDC3FKnczczczEyOWtycl0DFLlO4mW/N/tFAA7vs3erCu3Xfu5Tl3G6sRbkY94MyU2NNnUSGvpvAZVYOx6FaGhxHRtum8XGuaV4QEAA1sfiOU3Ec+uivhXoj76kgTcHstq0c7KrFTRaLEOlqbNxj/bEfdLX6aISSBwHc52AGw78n+1NnjXfj7DOizr7ze5p0xPQk82N7GwYY7Gm6WpyGjnxRk793jtewJGYsdMWnm+lrcVxvppkryoXrpKcg9l1e0sbczDs4PpaN1OmK/GzOs3NScFr89/y/sZngj5qffUrPKQeYdtoSBGyUha54EUQQsBObvFx/by0lFnUrl1WjDcfEpyisruR+8kCWZM86pWXKqFGlz82xvCaXfz0rs46sOQdOLaVNyrhlvgTnxNQNtlh3I1OpifHsZY5Ku4nkrXYHEUxhNuOj5O04ltS6rAbLItCjUH2tuS4rdO3S2nRxsYGleTYIMjx1lnWWdYQ3NGHKcZxmxiVsxRAo0us0o+ulo/XrQ+uYmiLucc65fh94ByKgItXk6nV/j2ciXY/UqofZ2U1sG5Cb6O+6VbcYXAipbZEoRY/iA7h3CAl2ilgvsiZK8WRua6WUhpdWdd5Xb7CVEwALrbaKwN9KPrrZXOqsN0rsIs0yF3rA3g2UUt69M4aYyS47Kg2WCf8Aban7ezkfZfrk43VlVvKfxbW1IF3Jru2rprXsL9I7RULFhutLbr7Lrzrxsjh2FARbgx6bE1V2WLcDAwOq1MYtSr2W3LWBu7aY/wBOzIr2t20qO9cYbqEAnGV+H0zv5gblRxVvVbos/wCzqPnvA0yfsv1ltK2Ddq4p6R+J86X17Gm3mAeDaW28Z9JSOWo9F/srMheNtGS1cSxXHY1NTQ4VU/BE/BgwVi46LAoHbdkhYAznebytC5UcR2Zf9NKP5Q/GifbTN/ljJ5lfl9P+hptGiw/CzabRfJ2MA0Myf6D40Khg+OySu3ifrB5hG8sRqnBF1aPuLLp4rldU+l2mR4YeR7OYNEdkNOXyAYH3HuRI972Ra9Vr5RVCjsJ2DqXbpQVrE8LH8JCdpU3K7TO+lK7I3xV9dP8AoamCf9LpuJQd9N4Tpd5v7bKa7J6qD9YDvHUMPVj2u+7+KhVVtpkLulT8lmSN66TvX7N43q0B2iWRclhBehgIPc1qLGy1jW3PBVAANUrLQADtYgK9vKcpuZUvJtMg7I1u0NhMwvL6Zfqtlv0X66f9QRtQdCY31x/r2fbL7mUMCGoPxAd5kLvWroiVA76Ebik8Hlg3TFPp9lvKipmGgO0V94BpyM5vOo85vPmeJuJynKcou7RKdu+/+WtScF0zbd30wV2r0HrvlvcDD2A6WfSoejTfeyUerM7yAQyNSYG3l1IdVfeIdcgbPW3JJjffVTuO0yizpu9mLZGpE4mARbCIHB13nLtVGaJjwKB2jXK9NHWisXNVXHW2zpoTuYq8mVeKyw8a6B6Y339yz6r8aVeTMEb2ey9TVkENA0uTYo2uSu9eKd0lP99aTtb3fFzJynEg7meIEBnRsE3sWdUzkNOLQUuYMcwUoIO8a5CF6UwItaoNCQBdb1G2nGYlHk6Zj7VoNln/ANnuNq52Wj6WHZMFdqe42IIbxOu8/IshFpYHlPmfRqz4hG4xPDyv++r+jI1bwN9H/sBOIjVkarkOkqyq3nFZwWcRD7Y72YKLrzZAjGCqInlV4jS887NE+/Yfjv8A+9Mg+mn65B/XSvGrUsFhuJhMCOZ0DBTXOCjS2lXnkG0bil9ePHKlP9dckeUO6aP8Vt6d5Z/f8eGpxNoyqYyHWnKeuV2o6+4O3ePcI3qmy61pxGl9gUIeduiffsfVjt7DnlbT9LfVbrZbxnkkVEwIq97Irh62rn1dTusun/WN865A/Xjn0QmGMdgp3Fg/ZoVEahTGqZYQDDUJ0WiCys03B4fbGrnipvaGwmb6gEyqrjrY4RXcu2P99KyDZ2Wa3H9vcTsB/Kv6U+vI0ut4xKSYqhfbyccbYzbrLv58v0449GrruuM03hm+8t+Kz6LjB8dj0gzgQda7N/bGt/8AHsSpmiVhdWYKL7zYwMxtHOyYv27LPnS7+nde3pvHGo+lMRfTD8JVtqWCzkzThGvorj/8lQI//KXGUZ9gsTMx3gIOh8yv9eRLf5sf0oNl0+NK12sBhOl3xV9Mj4TKtAXOES6t+wqDHrK68pVZyHsjXI/jNjBRaYlCr2O6oL8g2nTF+kyTtVX6LOy3W3+g+O0fsyMjzfkH01Lxr7Hsi1S2+uoXZVtkYQ9iXWpKf+TsErtS1cscLZb/ADr9TS25UijLthTKQV3Bp/8AYDrfKT+vI+v/AFASJVmOsSxHGnyLU4TfRW4lGDD23UMoornEDtawLLxZYSCNACZj/SXeXu8Xdlutv9NRo7cVxF9I9WSf2ZHYxirxmTkdJdrLX/B4ofJ2m0FK7GgTpWTaUO9TW3pfTUd67v50KOFtrSjFCaclmRRFYMFOt8x/rkfU/GqcxK7d9SNxbXwOlLcT7x0LqI1pOpUGfjkkUCqmn6Qeq3KinddbfgHS3++jHwvxLvU30Sn4xF7rbBWiJZk2VUpUP+RbbHRdzsJsNUbi1uHVkIUZGmKfRf8AzSzjTj08QzBA11jylqjpanStGt3mxPF13x0K2WzBnQcFK1GtdmrryBUg7aVNuPb3Ea+sRstIcomdVDNxqqFoqBZf/Kn+Z8Cj4yRvXjnevV/qreuOP/K0fy8HxjDnZkNtUfFVa8E7cmlrZTWtaTKo66nAqCHwQN50zOlOBmJ/L/kUWY+KbJR6XyT6KF6jswUebm8mPUZTYWmUnKqo6/bM+Mu0esfEZVIeorqTKbOQ0yEnNZyERtm7t+zJ3FHI6E67kSuxyUpgG0MyP41fS47JjfRxumKfGp+u+zxh/wCVonlml7eKk4JlmULzt7xpYSqPmsQBvABCQJUpMP3x/rfV1rAAAPGTk7scevp1XHqWKgjWIg/bZPFbsN1q+2lbgZnMNlH+4I7La+MNoENrRLWVkYMsMtTg85Sh+dfcNcr+EOq1O8rwYlaINcn+Nf0yT6cX4iei/X/uwQeQ/wDaOdlQbL/3QOrbL25XUpwTvGh8i6vhZUAZ0BFx1EYhQPJosbfRv/ZoHO1zstNJZSHAULvxcyxfR/0n9NKxzuC8cg/2DFZVkdmVVwOmFZrmJ4J0wW7xreu9fQhxd4MERcapZtt3ZX8q/pkeTin1S8cbB5Gn/wAmXcp9bfmN5ZjsLW2WlQqWNxTFr5N7IOmRR1Bx2i27TrCEWPFpWb63n9tKcEYbhX6aBS2i/VvI/wCh/WOdlwx6G/8AYXzbGs2mJknW6vqIRsZVyDjyJavJCjaYzcbu17QJQSR7uV/JPqF5W0na2XryrobdNHh+8ceN/SgjGY6835oJfvayqFHtbzeWVq06ECoJ5m08ahOV2lp2us8LB8Q/C/0l5/XjY/6bRxysdGaO+izGt5ppkUjqhQIsqPp0cbPtOA3U+nW/JnI74bbp7uV/JPpjeXs9Fw+DK/Rbo/w3131MybeI69hgMq574z3H3d5tN55m3cSBCepa53ibbtYAKwdrm411/Mu9TAbDIP8A5P8Ax6/py8fcRZisRZpkj0wSnW/76Vfz0yMjfXA/lpa3BFcOPZyf5L/PF+mau1tJ3rb4vWI3JYfj/wCA81q3JfiO2w6L5DnbeIpMxskj3955m3aTsAvUnBxFr4zzEpO8yX5Mv2lI55cvO9uOvCkjcWLxepN4PGuQP1zkBMdwW0yNuWlB/XLbIyAwjaGYaMlWmZ4x6rihRw49jI/kP444/VnLumK0s+u260ng2nw9fiVnjZZG/ZZlbUYYG56UVeOmJdv7u2nmbdt1ioqUbjoLAgA0uv4zyIvyTsP+PXxKl6l+jrvaNF+JkeKS7HTB/ppmfbcwWSj+dj8RoygjHx9uzM/9eUX8CpBHff8Ay3/RV/OxeaUtxss+nPam5fFb81jz/wCd/pss9VeBXu+ZSbaj/wAdwTQCLujKdx/jQdS7Uuix8lnm20b7L9rj6cZeNNp2rwKtoJa/FdK/J0zDtTpgD1aZn30o9NJu5NpUnLQa5A/TxE4LMd+HsWeU/wDoX6zKTp3BudO++LX6q/42Qw/W74xn3GE3FjLcxiNoqCAcmsT1gbD/AB02ojHKWG6+E2tOAg+GjfdY/qsXJNbGyu5Aa1U5CCOSTpjrrmNCJsZgpxTTKO9ulz8aotu0rXmw8aDWxeSHxrRZyXvPhB8TNr5JjWbFPjGPosTmtDkaH7N/PlxsL8XB3GXR5QQVK0RFScd2/wAdjhEqpBT4MGgjH9zf0TxKvkxdKh4OiIXIGwnxLG52LVOO0rGyQxjuSgM4ENY/JtMevhXop7MivWt+Lb99o2g+IRuLUNbq3rr9Nm8ur3lVvMOPEsXZqm8YdnjcGPUolaFgF2m+oO/+G09a7bxtN/V5nmDfcn/yGPqY+GRq64IPJ0WosUQKNMmzwq7aIN20ubZNXTbTFr52aO3Fcf667S4NW6sDOMpPp7soeV+umbXD6Yp3G+llZ3rsFg/7Gwvaqtgwap6KkECKJ8T5m+u3+C5+FeNVwSWDYv4fRfs/i+Y6dS8qGlmEhhwrJXj2A9JotIGpl1orVdyd9Kl2GmTYOXYy7HCTjXpc27Y/07MqvkkrbcVnZu7MHiv6M6rLM0Sy6yyceSY7boDN5vLQUs5ixbvii8WB0Vwoaht9PmD/AB5OVzaluVcuHi4QeQZ/8rP7E7TBq4V+xdetYLta+lS8tXbgpO5BIinlq67xBssc8VlH17D5Drxer7RfK9uYv6lv/W7MzQCFfTSdnB2s0t+pJR1YOByBpt6gM22nz3k7DqM8fqAI90N/GI6uO/LvJK0qq4Lb1xhuD5Wo+mGW/wBNuT15GwR0Pc1iLLcsmNuZUPMRC5VQo0yreR0x11UbtplNtUG8Yx9Hbmji9R9XKY53XsstVI7l4BtD8gaV1uVuoNL3QHcQw/VN4x9QJUo4dZ897ryRHtUKutXov7snI6crr4iY54ZOjDjaniwRvl5WunIgrl3CDOaDKJH5DTqsZb9tKhErLFVCjTJv6a7mcovqPHp06VffTOMT64v00J2Gmeu9aLsJi/Ot2QEhJOm0/wC68RmldCJplV86h66sd9WHqX7ts02Gwbov4I9i+oxGBEHmV1bHtyLxUtaHfS8cCDuJlLLTswjw/fRvnSv66WHzACZTjkQDbW64VKzFzph07S7+emP9tM77r8Yv00yPFQ+Jfsa9Mc+vfTIyOmKwWbjoELyqhE7bF6V7/rsB3EceHi2I44rDWhFNvTb2Xx0Y/jxUVe665alVWZtFEuq3qw35VMNwPWlieKG5JH8QIliNjGW1WA6VfGjUu8rwjFrROx7OMuRmOmNR1Gl389Mf76Zg/ZMYejS4frQ+mWfTjOMp26sutFakklBsIicoABpvo16LGyGMu3YP60pbidGWU8WiVtyFdpl2I5mPk972s7+qqzvutWpRytfWpYYv6cqb9OzJr3inp3R1mBZuuhrQz8amDGqE6FcCKO57dSimLjBiqhRLfppit+/TIXcyj66XfzX6x/rHsmN/VmCixy7VruYicuy25Kx13s1sPprOxcbGt+QjxvSyNvYul2KHK3XY8rvrs7LrS7VVLWuR5fuuuSpRyufVF31zK90x7OpXYnNam5LlUcZS/IEbhH6N+/j2bMutI+S7lHDaqhaBQBofIjvvKTtZpcPTMf66XfzHxLjtWXJ0xP6ZVvlV5EDaIORA21yMkVwsWKjYaOGY/iXGOOS1IzVqwYR19NZO6/Eqs5O4BWrGRxwy65+aVjZXUFNIrEq/bf25GStIHPIs1A3iLsNGG4rY0XdSycbObLc4/FuqKnkLK+QxcsgC9ILEM3GnITqoIchI2QZbZYTqlxiVkwDbtv3D6Id1hG4mP9dLF3XTLP6tMc8BxZyF2mxlScF0yb+mCd5Wu5ioWi0CAAaZdXE4z9G/IoNZBBDQDjbLG4pW3F2+mL9JfZKKBWJk2ExEy6p18oT8xoMufkVyzN3jpaXRQi61p25dW4rfmpYLB1LJw2rr+ZbWZW4cWibmcmgY7g7jRl5QjbSuiyyVYyV9+Yvqm8xG3TS9dmxfp25reZtvFT06UrudLremjEsQN4o2FdJaAAdhAIyKChw7utVfQ1JBDBxK35pmP4B3XnvjY42quu4ymnhpkX9MYq+rQPvcdhDY1pqpWsZBXfWtN4Bt2vttUr8kxl1NW9qseUesghg4I2OiNt2fjs8rxK19nITlXtFriHi2lickwwQnbapdxUJsB2VrxXTIs5vEr2lNXI6s6pHzUEOc8a83CqxqbUtrsF+OazuGFFnSZq3tED/razpJTTtpdaKk2LzFHolrcUZukwrsugAUOwVepvboiciBt2tf5FLNAAOy+o8ivUXk9c5oQaQ8sDCDHtM/FugwromKwgx1gVR7hQKdKm3GgHbc3FeU5TczlOUq9T6ZNnGuVpFG5A2GmRlBIzsx18WLWxQvlOKxistZ2sGJYj1ZVPTev7U1HfQg5FuSoEReKy92ssroC6EgB7Oob9tErLQADssuVJwstioqjudTUxzAYauRVrUnWUwcVIy7BBkWsKjafeuXXqhGU7juufk2m2wLqI1hMwV9OmY/7K00oXXKu4DtVti3Flx6+TPb1WfCrKfsosueq3GxKuTaXuZWgrRf23syqN7L5XWtYhIUXXm1thtdWyilFZdWZVBsstldKp7WRjRG1rtE8f4bR0y1pM3MxMjbuyLgg6qzqiIzO+X4fTGG1OjDd4DFGwjHZXbkxGlOIXi49Sw0VGX4iqFXxuzjwobKtedJ7Eal1apOCQnYY68mybOCK60otLOdGYIA35Dbcrodtqn4XaNeWK0b+7kqqMrchz3J5rKsgCAgj376hYhBB0xMnfssbgljtY3GcZiU8Rk+bdhOMrGyR/rpUN30ym2r0xqub6W5CVTa/IN+LxRH2jvzNFc+JQvN9Mp9h8Hp9U1UJXqzBRuGiUmxnULp/R6hvkxv2W9TjKbup7ltvAFRtXWXZUVBHpreb34xGeNvz2n57wZ8GckXLoMFtZ9rKx+Qi1kwDaY7Epplfw0oq5tMj+uxMFRi/WWj0baY7A26Zp1wx+uW1u8THqTRxum25rVJzllqlUdFXqmdWE1tExORAA1ttWpfN8dQjD4t+HbitS7Ljeb5X5vs+x/VYDuPZuuFYLbRKmckeEbfV2UDjK6ZxWdKuHHrjYphocQF1i5d6SnKqt9i3HXfjpi/TTKG9PSaLSxNaBFlijqaL9Jb9CQI7cpieLtM4eAdMJhx7L7gi1YbGJTWmnBew/ps1ttCQ1lhjn0WjdKG5Vt9bPXZttK/RfMfy7/Zl5DEc+zZaEjk86qdtW9DwzpbzpjfuZFaPjR1Mw8nqr3CWUzaY/00u/mBvK0463+LNzOUpO6Rh4bfeVHazTJTlVAZTZ03VgwjsFHUstldSp7DKGFTlGl2QEiVWtBQkajpweoYp2jHZcavy67i3eM/ooQorfMf0WA7justCQseVVQTsI3C/Ht3V8wrmm4EEdo0tp3mMrKulqk1pWF7MoereGxZivyr0yF426VNzr0yKum+ldz1xc5YFa5vavq5rXZbZEqROyvjyY9PIyW9KLxWOAJSC8Y7CLXLU8Ytnjttu4z1WFK1RR/iyqd1/wCPs5U9o9vNH69MFvVpmrrh2bHS6oWq6FCumLSD3HecnEVg3bavTcEMNHtVJj7EZa+kfttllwWCnlEaE7lE20Zd5YpqsUhhrdfxiq1sVQo/yYQ4ZOhZVjZdQhzoc26fk3QZFsxGLJ3uOSmlIaDK+VVmlic0O6mA7GqwWLpbStgtxrK4oLMq8V7ym0B37CNxUem7WqsPVeV0qkHpybRulFfBbLmY00hNPPUVNuxlDCg8Tpfkyukv28tm/wAP1y2tUSyy1o1dphBHbgfy7jpYNm0pPp0zaYDpXYa2Rw40Y8VoXdveyK+S422jMFGK5utlr7TEXxpsFY2Rd2Ot44sGBW/ILmqjbt+IW5wf4ckQHcabAxqVMaplnFp03mCCKu46XL40RuJ0YBhfSanGldjVmu5bNLfWQNh77fqtFikWcslsf9d8yjKBtV1q95k7wVntYAqzFpUiJ2swUbPaVUKPfd1Sftsj1qK6DvXACYKWnRWBEmw9x/Q2lT621LYr1tW2tWXZK12Hu8tjpenNE53EDaWem6ZPmzNtZYpXjisTVb5bsexawTZkRVCixdwjchqUBP8Aga3ylWxl52qxuoQlEAA/wZNXURXYRbAdKrOQ0trVxbS1euJV595l5BCdD8V+i2ZC7147cqvtk5mM1krxLmZFCr8363ZASLUWOv8AOz3C4XuJ2nJrYiKg0zD+rFXjT2FlnVSfkKIlgce1lUcTFsIgeVWhxoRvLMWdNuaLxX32G8Eb4sI3HwTymGdpQN7NaPLT4j3tYa6lTtZeQ9tjxDtuU+urMFADXQbDsyzuwGwjOqizOAhybXgYiLYDDMX6e0QCL6TW05FZXZK7g+pOwqHJtW+Adx7tzcUpALH4q+rnpXYw9Glh2TGH67LUrDM1pUKB/hPkP4dfjR3CBVNh7fvmy2/aWNYxg1WzaYv09uxFZbqTWWgO0Vt5XfAQZkNANh2L4Pu5Hku3Tsc+ivwmQvJMVt6dMptqxfsi1eY68IDuP8ORX+zRnChELnuw/OVZdy1aqBTutFrQYTz8KUVdJfY37GUMMjHZDFbYp5gJEpBezts8TqmLzM2sn7JycQWL7DHldcN1VvSNKm6N0stSsMHvKqqjRvIpPpLbQbn/ABE7ALyPdYdkxN+OqUs0WpF/x34cIINTbaY/cfIHgp8a7AzgRFs7WOy1w+YylGVuQjorjq3VBU7h6XA/x7b+xlH9VRIHMxSGldIH+XePSlksxXWIfFPz3WLvF+O1lDAMazrktsi+BGUMFJqbS3u3gH+Lf2sqJ9Zj08Rq1qrDktLL7hMO13r9gsojZdQn5u5Nrzk03MbmDzeC+0QXklPv3jwe4gELuh0yDvZqyhgo2EcdnOAH/Jcdvat8lPri1cm0JADZAab64Q4p3NYqy7Kshdm1RtxAIy7rrS2/sg97ryFbbib8rO/kBDcsHn/NkfBPsvKlBrqTgh0yr+RB2ituNMUejsZwosvJ0I3jrxOib7hZwacGj1PuQRDKW2ince+Bs1rhEr+O5huDS0Sr/PkfVTys9i/xMRd9cmzhXpVvyrxxOCzbstvWsG4sdt5sZsYaywTBcxMOpYK0HbsDGx6mj4YUYzbp79mRtOLOf/wMr+dA9XsZfxgfGmZ6tcOrYdt7FKiSTFbYjzFpgCjTf2U9FoO49jfaA79lxYSrz/8AhZX1oHj2Mob1/wDG/TS772KAZV/PftIBHQqnQqnRqgRR7pSucVmwmwmwmwmwmwmwmwmwnFZsJsJsIVWdOrfppOCTgk4JOCTgk4JOCTgk4JOCTgk4JOCTgk4JOCTp1zgk6dc4JOnXOCTgk4JOCTgk4JOCTgk4JOCTgkNVRnTrE4JOCTgk4JOCTgk4JOCQ1V7KiLqVUzpVGdCmcFnFZxH/APO//8QALxEAAgIBBAECBgIBBQEBAAAAAQIAEQMQEiExQSBRBBMiMDJhQnEUI0BQUoGhM//aAAgBAwEBPwH/AI75ie83qfMuWJYliBGPQny3/wCuoRj0IQR2IFY9CEbe5cow8cGWJ8xP+0DqfPpAJ6hRhyRL0o1csS4EY9CfLf8A6+ixLHrM2KTcAA60qHiLtPUwv/GZMoX+4TF5P6g6E+IYFgBMYpBM4vJPx5Mx5SeRGsmzMh+nRBt1vQGpu34z/Wg6l8EQifLK1fmClWZPiPCzdLnM+YsVlJ70MDy5YOncIqA1N1y5YnyyGsGWYTAjEX40+bWMe8Hc6EykFzUy/gZiU7QBKqFFbuYvh0omoeDp3KOjvsqYcg/+aJ1phx39Rjj6lMzZSxodaHJzQgBmTE+3+4Phx7zD8KgFz5CTKgv6ToI62LHcQ2ogNEGZMiMDawZFOoGjOo8zAqPyZlH0a3UyZd3A6hM74MVQoFTMKf8AvQZ8aqJlyY2Njuce8G33gatM/YmK9/EMArGui/iJnf8AjplbmhMOG2BbqHIq8IIWLdnT5jL5n+QSKMsStQK0/wDI6FTLMwsSeeoiYmHAmYL1UyYyp/UT6QsbKWWtCdBHxkUZwIfiXqhC7Hsyz6QxHmDJ7x9uUD9TFjK2TpkragHtpdJf6heyTp8mns6vkCT5/wCpWjJY/cGV17gfctwGjcJs3BwRBtYRsSN2sf4Ne1m3bxVRWKmxHyEmE3BoTqGCfuPld/uByIGBgc79p/8AIgthPiGpK99MGP8AkZ8TwdBMmNnFiDCPJmFMdVHwrXHehxKWuVxWg60XKyxfiR5E+cnvMrqw4ED80e4fUW9v9gpB7mAc3Mp3MZtifiJ8Ty//AJG4Uz4Rd45mY87R0JUBrmJ8XjPBMyUWO3qYq3czOQn48xTYB1KsPHoyYGYbvabaEHejaM1/7LHkI1wtxUc7mJjDcKi/TVRuzoTwdMP4aEWKg+kVon5L/c4mXCKsCVpjyWNrR2C3cxsG0PcY+B9ypXrB3CWYX2rugaxc3S+J81txMxf6pi4VHfMy/D4SCSKnAFCLyRc2IBcPJMHWgyOvmD4kUdwnzliPvhmQG7nw4JfjRz91TUY3rtb29CmjGHmOf9MzG+3g9anEwnw4q4M5XuZMpf8ArTco8x8gOIAHsTbqYRMieRMKUv8AcYQqG4nwqAXQmUbXMY2fsDWpWi4nbxF+GHkzbiT2mTOOlHpxmxUI8Rl2mYCGTaZ8sj+tCa1d7iizWjmhE/EegiYiGQGpnIsDTG6qn7mfJu1PqHcda0BsVpjxKojOq9mP8Sf4wknuV6VNGN7wgGJaN+orkRtrcjuVKEKAz5KxUVJyTQh0MxDcagxiutFyFFIAm/IW5EaA/TLs6eBGHPpAuDuVYjIR/WoyuBQMJJ9B9KciEVANNwhI1JgUseIXTEKHc+bZoCDqGYKD2Yc6CHQISCdH4Ua+Roe5XIhAgAnAEX8tWx31CCNKnWvj04z9WjMU/qfMUjvQaUT0IMYH5NDkoUooaUPbRuAYcjRNxPcE2ktdzedtaOedbl/ToGh1x/kPQyhoykGAw6+D6R3L5lXxP8Pz/wDIVrxLAhzKOoc7T5mQxBk8nS9O58pPaVUxYy5hwkeY8viH7WIc+jcPeEoYVrXxB59T7t617TAy1z3CPYx8h6oGNjDT5A94MaxRoToOtaF8wZ1UUohyM3nQodu77RH0iYRxoz1wJtduzBjWUJUfHXIhgnv6agrjRs2UddQZx5igOLBjcaLo2g6hNAmNmY9SyfMVCe4vUHfM+JI+UAND6xMngRBSiNfQgUDWxL0yr59fiY0LDiEEabVu60d1Hc7g0I0HUIsEQYPczYBoumXqCH14xZh5yegmdzbPltORG5U6AFjQgxqv7hxqfHMqjp/GYG2qx0GLcCbqEVOxHBB5mM+NAfTRhxOfEqtW08eg64xS3MYsk+lSPMqbTMy8XKh/KItD9mBAO4V8iZR0dP4xeobriCwO47ACKbEfGHqDHt/jCK03Sxon5L/c4Edy040PUafxg69SCzH4WKKHoPcxgHuDibrmX8KlSv8AUi13DzLj/gdCB8se8Z9u0QMD1o6oaqEe0BgyD5dzIS/oHWjO1VcsxdGjT+MHqxrQlWfSRcFqbgyKw5m721UckxeTWuT8DBPEdGZ5hxL1CKNQnaLgzgsBU6MfIVEGceRpti/Dki5VcaHvQatBofQosyoFPfrHpVa0NeJlPQgg0RwjAmO25rj8qYt2IYylhQhBHYingTGVDcwsAtw9wdxwuQWPygGjHQwRhzB6FFRACIBHWvXcvXcZcZwITZg6gl8XGclrgbgTuBQPEYTB/wDoI2NG7WDGSzUOBOp8xqrxBG/Ezcw8zFkvg9wnU6N16ByIvUxAVxGahHa6+0TQuHKTNxPmDRRb/wBQfDhhYMzoKKiAEmpVCp8OLa/AmdgD9IvQ5flEERPjFbxzEybR1Mo3G9B1p/j/ADDwaMOHJjbr1CHVO4V2m4ljkQkmH7TmzqIo5gpYmUBSJ3AgEPcXKK2CGBpmR+Dt4nMwuW4PcPoDbSDMgDY7hE2zbCsWiaiY76mRaJ1/cAtQYorQ+jafTjTyY4piJ50HmKyjgxutFiozdCZkONSYLviczGm9gJQqpkVQ5Ainabm6Ggu6A2L0qZMxVKuYsjFqOr5C3U+FxEli0OVE4WNzeuKt1GY0K2viHiX6FrQ9640vTOPqvQwdw3cHQmb6VsQZWBmBg2NSJ8QV2EGBQOtF+nqfPYCPlowZbNVpm/BZj/Bdcql6qJicNdQbiaEyYgqcnkwKqzf4lw5FHmbg3I06NxfiB5nzEaH0dS9UTdBxGNC431IdCNCit4m6uI/1LUGD9xLxigYTegFSxCbmUdTFjYm660ZN9cwChWuLGXjIExNMCBV3tMmTc0JlTL9K/vTGv0ajkQdQORwZYlaHVUuAVpkazFPMdaaVCCIGoS7gGjOvvAo7nFVWhOmJN7VNgCFRoNamBaSZSu2pkO/jxFQLKuVtjE5H4ioBp+4RB3BBZ795VmDgVOhc+YZv/UH7ExmxpkeuNW5X96EWJ1K2NuHWmVNw40xOw48Qt6MTbXEd9o7jdkwruFQCgBp1P8rirnz1gyKZYmBf5T4gq30xUCiFYFhXjiByJwwsRTBAKnXJjNYiizKA0xG1j5K671v0ETcvgxG4lwqL69e73M2luoBrl3EUBBif2gwA9wqFHGn+UVG0dQZAYOZ8n6f3DxN8dA1EQ5AnHmEiJ+N6PyQJtv8ArVjcRyBWly/Vmx0bHUXesDX9gqD3E+nqHQCyBBhWZyo+lYipsW/aZthrbNsKkdzGKWYvzXTKbczgTdGVd11NrMRxoTQgXyfSO4fsM/jQGWJvHtLWce8r0BpkZyeYn4CA0bhzvo2ejRiuG60XAlc8zOm1oO5iyXwZmWmv3jQL6jcCH31HcPrd7+wrw6juUDKA4EPUUaNh3NdwYwg4lzE4ZRM62t+2itAQ6cxqvj1A1qe9T6SQO4zk/aU2K0qAGBbPcIo1qYpl6YyRFYOszYyh/WiuQCPf7C8g/rQ9+tmCwsToPsp3oCJx6TqRBMLU1QgEUZlxbW4+ypozM4XhYpsepsldQ886k/Yr3nmEVofQNCJh7o9R8HlZfNeYTUx/EeGmZgSK+1kHMx+gmoz31oPWRWvWijmA6LiLLdxgyxTagwwGXriy3we58Sm5rHYgfmj39w8mKabVmAhO77TGwNOtV8xsldRc48zCQEu474mBBgFCodbM3SzA99z5W87h4+2/UGitC/tpUr72PH8yxH+Eyr/UXH7wdegrK0ri580TGfmNUTG6dGZFKt9p/wDYV6fhu58Rk/iNGfZx5gytul3zq+YDqYsgbg96PiO7iY0+Xz5gdSO5nfcR+j9o9+jj7nj0tdLXvDFEypuH7gwHzAKAEq+IMC7aaZfhVU/qDEoN3LlzdLMv7LH/AGP8fSBYv20xKSxBMyoFAr0Wff8A4z//xAAqEQACAgEDBAICAgMBAQAAAAAAAQIREAMSMSAhQVEwMhMiYXFAQlCBkf/aAAgBAgEBPwH/AJ2yXo2S9FdFMp+hprFM2v0bX6Kxtl6KKNkvRtl6xtl6NsvWKfop42t+CmvGdr9G1jTXUk2bJejZL10R1Gu2KNiFBCgkSQ5Ud2QjeL7pD5Jcmn3kiRLk0l3xOTk8Ql4w+TS8oksaX1NT64hHyMcvWKNjPxSHpyWEKfsTJwvuuhNoU15N0Tcj8qJajeIxsSom6FysT5NL7j5HyzRfdkn4zpr9sS5Zo8sku2NLgn9WRXkXDG8R0vLxEslLD0/WIyoTJ/Zi5Rtsekyn0KEn4NlEeSU0hu8zXBHs1iS7kHTGxo2kXGJKca5xorsTdReNPgn3VYk/GNOFK2SfYczcy2WyMl5xOF4hLwS5YuRMTvEox9G1EFhtDn66I8Eu8RJ4rqcUx6fpkdRx7SRqaiklQiGGMgvIuCc77YjpNn4V7HDEJ0/4xqx73h8i5WdzHP2jej8v8G+Q+mNlfI9NeBNxf7Ii1VifayXGFwN1HEY0RdG9exkleNObqh9+jezcJWbPZPTruuOtR+dqx7tP+hSTgqJ+Bc4kQVyRIk8QlTHEmqZDkSJfZ52vCbRHUvktEo+V0pV/g1Y09N34Ju0mLlEkT5NP7rE1UsJd1jW+xD7LE/s8LlY5HHEZFWakdrzFfI5Jcikn1NWj6va8LukaixF2iUFIem0JUbmh93Zp+y30WJ2bSenXfGnK0aiuOIr5dWLlVGlFxbvN9GpG1/JFmk/BJWNUyMnEWpFjaG4jdiVijSJ9srkcGsac/DGSVSISpjZJdxYXW8JpjlTWLG2dxR6ZrbK/YnXcjLcicbJJroUWyENo3SJS3MhG2S+zFysTj5wnZNdsJWNK8NkeOuMtyrDi4ytdFHHVNXEiRk4sU1IascEbEbUJ0OdEpuRRFUiXLxBjxp9xpbXiD/TLdyl/CNOXbF5nPaeC6Yp3loroXSlWpXslFrC1GhaiN8BziPUORIjAquR8vEVhmn5HxiL7ZX1kdyN7Ubv1kv5ISkTnJOipSl3OI/8AmVMTTzwLHnp1Fw/Qu6HpJ8DhJeOhJigUN0Sk3hd2hRSNRpLGmqianaOI8ZUBQ/fE9O+6IqqGlZRL6vojKhSUjg8Yfs89LVo05NLgscsbV6NhtRUUSnHwNt5jyv7HqrwNtiVm5GpK3RXx6n16KYlJEZWLHjK89EOyY8fsvB+b+D838D1ZDbfWotlEnWIr4k/2ZqPCh7LiuDey3iOp7OehcjEeSbaZ+Qi4sonBHHWuUKEViU0hu2RjuysLD8dEPLJPuKhybzRWNOXjpfIjyTVscWvGFNoTs27hqupdmh6y8IepJ4jC2JJIlyMWFh+MzfYXaHQkJG0/Gxoj2ksXSsc2yM2hd1ePJ/ticUNURlTE012NSNq/gUWKFYc6I93jzlj8Zm7kTfZLpjWdTi8eCbsss0Jdmsf7mo+5HUa5Ls27iSpmnOuxZJd+lcrCVDkkS1L4xA89D8Zk6RHkk7fQiFMcqHO+Cb/XF/oPOl98f7WbN1ji1yJ0Q4NSNq8R7k4/r1b2Ocn5HmB/sPLzN2zhdSY5Ra7m5eC28N9kh50fuMtWiHDJq1jSfehrsNGj5Q12zGPsly+uB56pOkUODr5G86EeWT7IjyKVOx90TRD7LE+TTdSxLlkY+cS+zI8onDpjiI156G7ZFJrGrHvfyw02/wChKkaghK3Ql2o1CP2WNT7EeSxK5Ym/GI/Zf3jVh5XQsQHw/wC8vsyXJGq7DmSldfF5RHSQoxXjNWhxIJJjdEnbsiu4mSdyZpRtscBQJPaujTn4LTQ1TysJ08VifAnaNzQ5N/G33Iu4p5m6RHVXkbXsckiU3IXc2UiTpY0qUc6juRFWx8vCETyhabZtihclFDXgfZjfxt40JXFrDNRN8dCTZpxSG6RJ2xK8Jjxpol9nnT7xNWP64SbZHTURuhzN/dHjGr9bRKSffqfS3WdKW2Yh8CGkfjj6NkfQ1RdEpuQlZGNIlSRpq0SVReNP6k/sxcrGk6TJtbWUR7DZKV4WnJiTXbHKaHpPwcOn8LdY5GsaU90f6xulFi1f4Pyo/MvRLUbwlZFUbiUrZpcMn9XiEv1JfZi5WIcD4Io4G7ErIQSxJr2NrnE1TJ/Zll9TeYoZTIbouyMkycLfY2v1imLTk/AtL2bUPsN3iDzAly8x4wjUlfbEY0htRRLUbxF2tpCVdmSVxKuVGrDa0eRIZuN2JYSvK7PEZbXZ2aE/DKFhtLyPU9Dd5XOJLuRltZL7PCVsUDaxqliC8idEpOTEmxaa8myPolp9zfsdSJRqe9GtTgmJY1KpIRWJciV5rog5p9jvXBuaPySN8vfXHuiStdGlHyWJ2jUf64UOyNTt2xDsNpH5UfkVH4nN2+BJ/wDhP1hHLyhxxXVwac9yJbHySjXwQlteNSHlYXJZKQm6Jt9hcrGr9iPOJPviPZob/wDg5LEV37k5p8dS+CKrOxG2JsXs2Mp9EJ+Gdif2YuUSdYjH9Uaq4xZPki/2RJEl3xZb6Ubl66F1xjXwcjVPojOiXLEN3jTf6mp3jhcEl2xCVoaH1NZ8fAlYlXxTxTZ+OR+Jj6IPDNN96GhqsOba+B4XWo2JV8b4FFIsstEvs+hdnia84Uty/nDh2v4WrNOF8kl36lD5tySHNlvrjLxiUK7+BCkSl4+KHBPoqxRr5nhRbPx1ybESVNrqjKyPBPT8r5Koa7ZUbEq+eXBDT8sokzciTtvrhPwxvsanxQXfMoCh7K/wPRvRLV9D61CTPws/F/JT9k+Pi015/wAWXJJ+MR0r5NkfRL7PMdJ+TaljchyvDj+r+KCqK/wFz033b/jGnHzh6y8DdtvEVRvHqjnJ9G5+/hhFc/4032eIuoonJ1/0P//EADUQAAECBAQGAgECBwEAAwEAAAEAAhARITESIFFhAyIwMkFxQIGRE1IjM0JicqGxUARgcJL/2gAIAQEABj8C+UX4Bi1jM8JpPpTbwmj6UnCYhUQk5oKkB/8Atc1YqxVirFU6NnKzlZykGuySM1Zys5GQdRWcrOQEjHEVZys5SAMaqxVirFUa5dpXY5dj12uVnKQnHEQVZys5SAMRiBVnKzlMZJlWcrOVnKzlRr1Yjp2JVWvVnKzlZys5TGabc1RC67lyhXlkkFPzGZRJi7UjM0QqjGUZm2SYVoByBg4RbEGLhGZW2TmoFQdWoVlSOymM1FXqUW8ZlbRmbBOifURmMQOm/wBwb7i6LoTK2jIKbr5bqgy9uakaKtlMZqrlK5mZ6KgU3VVIzK2jIIAJ0XeswiVZN95hE+4v9wEXxPqGEWjILfpX6O+QjeJcqZe1cryrxqVbLVbRkFvB2YZn+4g5aeFXKVRARfF3pSFzGS3jVUtkp0ZOqFMZj7i76UwudU6lSpMUzGQW8XDaIjOLmxD47KhjhZeIAUoGLTme5ExxmMzkorLmK7V2hdoXauUq2SimI4hA+4mFlRVV+hdUVclFS+U5XCIKuquCIkSqMK8BfzF/MK/nFfzV4XaqtKxE1jhjOIEZeXHo0hN1T0ZihVRHZAjIfcTmuqOVZKwh3KpyyU32UgOnVHBVaKrivK7Vbpdq5OIQqtxekTbMYjaPuMoUUgt8t1fNIiOA2iUf8ozhQzz0+ADCQRDjRfw2SGpU+I4uVPhcwU2Okh+o2mq5TAo5QM++SiqclcsoiL93Ti76jdVV8sxCjSq0VSrdIhS8r9oVpn49VNhwnZfxRMarlNIz1iXRkpQxnx0rQ3jiHRf9ZrqoqrBWXardWbipcPlbqp3dqfl1WLh0KwuEihLyuGzQZjFozcoVYVEZoGBHRLdVRysqjLdU62EVfosXFM9vn7oDi28GM0IGLRExlkk4LaJbpH3EdCoVKK0xk3Ujfqfp8H7K31/8GRVbREH+swiXZSrwlFpVIHp0oVURmpHpfp8Pt8lSH/hyKDT2m0BB8ZxHQMWxb7icpKuqqhySKm20JQkeh+lw+3yVIdTf5JCPDfcIQd6i2M4lhyyzNEfvK76ya5cTel+jw7+VIdX38rEO4LcXi4boZHBEQxKRjupxnH1FuV/1klCRyYhZCE8sh3Gyme49aeiB+VjHabqYhPWMo4x95ZA5NozRgAgM1lylVCEZGMipRLDEuKPFf9Lltr1ipafKIR4TvqE9EYTyYm26EhGUCp6dGoU22yYXXzAoQHBH2v022F1IZ9h0HA/B7lLojiNQMHCMjmNF2ldq5yqZxF3uNcsxGYQdlKlonORP9TkGi/wGrCclbdCpXI0lXA9KpJXgJuAffRIKLDYw3yYXdPdTMcZtkPuLguUrnGSYjLwc3tN4Y+1iKLs/rosKCkbjJtkqVyjEr4RtGpXI37Km84j0w8IGGIQMJGoVDnqVJn5VTWMlIR2R9xMa2iQiIgxlAFHiFBg+DJYXXQeLjLtDCypU3mcalcoluVN3Md+qWosMZty3Vo2hXLIRwiB9xOTDEOiRlAg5/wAJpHeAsDrrG37UxkePOT9oWp1KmITKxOOEeEHHph4QdGYurZJHoVybqZuYH3kmIUQMTmaYYl7QGcdIIelibR6wcQScp/0lTFozC5TJ3/VWgUwPvJJY+JfwFif+EQpadIhYHZKhTaVVuSvR3WJ0T7ymLYGLYj2pIBNGnQPSCHqG+qwcW2ql/QVMWjiCkbrD4NoyFXLE6ryi514ka9MqRspg5atXldy713GFBlk26xOyS6DYGIj9qcHHqnK33kkQjgq3RYXWVLRmPpTF1/1YWXWrysTu5f5Ra7ptdCYK5lTqXUhZVySGWaJV4CBi2I9oI9Y+8rRvmqFhdVmqmLQkVsbr+H5FV/cVid3QnpkHSO2ShVYXzVcuUTWirk2zTPRqpxY2I6hX3lbnkVqxTbaBoqXRc7uyYfqDkR0iNkS3PdXV1fPQKud2fCPEZ6xe6DRv1Shldt0JFTFWLE20KCqB8ihUoz1QMHjpuXNQrkeCrdSgXMqdBx9Kyk1qmbxJRMAEBBx2U9YD4LjDiu6WLh28hTb+IfqN+16/5GelV9wfk4jd55zlo5WViqiNlZVPUc0XouYrlEZlbRxmMtUIHqiJg5T1OfuVGkrsH5XhYmtWjtISUoSXEZpB+SecRpGhUjQqysrfDmVIWVlVSClERd8ADWHtMG2SpXIPtVdNUbL2uZysrQ0OqwvodVuhGfhwg/I0psTFioVbNWoXL8Oirk3jJCL8oiOh/iIMbkkKlVqdFzFUGeRC/cz/AItihBpg85PWU+0Fw/eSmWYVb9cnNRbxmUSUYvyiIzzXEfqU1OOkcIuqqnTxNUoFT2ylOGR3tBM9oZaKuSRv1j0ZlbQMHHZHK2Jzy1XCYvpF2pjideNSuUKpVXhUmVygBfxHTaqcQKhi5msCmDVARrDijI5N9IILmCo7JVbZN+qY6KtckytspTBtlEX5wPDUxqlqmjLJtSpvqVVaDNyvIUuIJhTaUziQcmbQpdftCuHrQ6InUZCmoRouaoVDkn4jNT6kirK2ac40ixqYcoi/MSi7VOOiaNM9O5auRfxHWHiFlZVCoVaGJpWjh4TTsnKawMHMVidV0JTX6jO5T8r7j9pwQQycqk6+TaO3wqRquVO1lEnRMKGVvqDxmbwx5XoLiPTn65i4olSaEdzmBWNlHItcKiJVq+Fid3FTJXaQz/a5bwn/AEuTogbrjDdN9oTauQrmySMZKUZdXuVIXzP9IQcd4DK31D8RAgSncQ/Scmt8uQGZoBQaINb4mqZ2P8rE7tT2wbo1TKxu7fAVAp2OqkbhekYtG4XH9pkarbJLzHErq/UcVfNKU1zRcmoopwThkcmmAiTAMFygE1qxeG9IuHhSAlkxFOR9pgPaFIJ6DBdAefKw/wBIVYftam7op0cR8J51XDyziDNAiJEQek76y0aucrlGRybAwIyFBBMOSaLzYQp6QHTIUirqsCUW4KDzkc9FYp1mu4DdTHMdSqv/ABF8eIUYUKk7JSxiWRDoub0iF2qyqVbOU1S2Rg12VwQTTCUMIuUAESv1D1J+YVhQITvkMkApJw8hTfARdApx1MDCiwuiQpQBi4K0G5pC6M9esUE//FCByBCM1OB4h+l3BNYLeUAOtUqgzF3gRHpesr4FM9IhPdJSjvGeqtlMJoZMLFNE/wB3WKC4hTvcS3I0xAhJSxmUP4d/aI4jD761ejUou8CyDVWEzdOToMZqUAuIdlPUrG2O0QYnMI4Wxd/lEuUx0nIekTup6oQDwgYuEJoolH9guVS0LoM4h+/jEqbqzUgaLdSDSsTjWAYEYbNhxfaYNoOCrmuqdCQyV8mcX/S2Ux0XL6QQdoUQipIsORzU5iCawJwb6y4D9fFrWfhc5+l3OyYW9yC+0U9+ph9xc7fK6J9RbCubE6+R/wBQ2U+g/wBQb6ThtByxIPF1OE0Dqg5TC4nFPoLANUSHVyAoH4jnHxbJVwUuHbWDYsGycdkXw3iMzjERBRnGZyuVlZYfHQd6X2hAn7U9k4Iel/aY+k0osKfw4FuGUQ0Ju6A+I9jj5UmNLl/SP9qvEMWoekE1ql4UsUpoAEKTalVjii1sSTExYzokdSW6EMWidwz9J7fakpL9N14e04aKYXD4w+1NYx9wuqLF8QuWJ4qa5mhH/FfSe/JOMlKJVVRCJMBoiYjWJyYog9A/5IQIR1aUHap8MTbhbw9oosNijwz4Uk4tKmDLKfgjhizbqWUoek5e0AR0sAuYiJyThsMh95SIy6AiOJ+VL7CaY42XW6IQmLqUoY2kmeqMhf4xPlTPcbxbEpvpfa2aqhctF4VRCuTdYjcxnHDmnrkPvLPTpBN9KpXIFUojyFLIHMWIXQcF/cpFasMK/Fk2wTTtCaB0i0oeoYjd3R3UzmJU8wEDA+8xEQc7QFUxDh4gRrH0sTfK9qlwt+lMrkFNSpniKpVWqbT0P0eHfypIt0MCnR9FMKAUiqHNUqTFNGMhHCPEXO0iMgR95gdejXLZA+CmvU4+lS63WIX8hT6JCwzspkzjIWdnwt7ytzcwc390XBObEHRThQq812qeFWVTkMJCMheMgpZmhBH3mnEjJhF8vNRWgQiFh0j7QUnUKE1Q8p6WNt40WI3zf3GwRe/uMeHxB4QMA8eEx8fcT0KKbsm6mY4yjE+otQR9xPsf9ic0hdEmMgt8pHhympxn9wsFLCFgdbpTsdlV5VBmmfpfqcS5/wBZC1S8tRUinsPiy9Qn+0pp2VF25hILnKoMm6xRmbQMT6iyB9xKEDECG6mY7ZqKc7IOWA/USFgf9JzQ8ruCx4plYH58HC+ymzcSD0MRX6nE+hknD+10NihxBcLZ0TwzdsatC7VQKytmpG0JCBj9RaYH3EoQMKQmVOO2Sq2yS8FelvCammu1ESW0Kw8QTauV2T9Lh/ZUguG3fPNy/UfbwM8xcIHypLCbhbeFvAP8WPTpU9ExblPuJi7JgEZZJC6mckgFZbi6/UZ4uFOHpN9xeiibGa5X4gv4nDIQbwrlb+YOf4GbfRYn26LmSmDZdo/KxNwhSOFY6QK/Td4h3DJeFFzOySKmcxEQYGB9x/GbiOU82EXhOFFVUh+oLeVL+ly/UZ2+VMKaHuDimlH0j7hgAm4reH6TLlSaBJV4K/kPX8p/4VcQ+lLgiZXPOZUh0cQu1AqpXIKalETnREQxtvCaurq+e1Fqc4MZRmj7zNbGRjOM/KmYzNlTJIrD/wDypG4oVjZ2+RD0gUGrcKaCwtq4rE7uMJDuTibxIhh4Yp+5boCVelVOHD7VN9TFwBk7wsL6OhjYt+hZVr0TtCuQhPB/fmJ6O0JqZtkqVyiassLpLF+VRY+HbyFMItNvCdxYYdSmgdyxu7jCac9ynAlcMnRTfRuikESVXz0cLBiKnxTPbL+oF+7fyFJwJCupihXMPtUau1eFV0KDqH4nuEypKUZNupk5cJRb5NkHNPN5W6wyqPCmLFTX6j7x/tCa1qAgGcOslidV0JlTPYEx41htl1Oim8yGioM+NlvIUhw/ysRp6Xhyk5hXJxC1WDvS5f8A47vtfxBLrTiFPqudHDopmE44W3z1WJ1gv02GnkoYaOHlTlI/9WJTNhEMbcqSLvAUyVy8rNVJohMrCO1SVKtQOSZKlwxIarU69LExSMZOCp8KkMDs0vJiGhBugi2LnHWIgSiYzdQLtXYFiaVNxk1SsyEmmQ/6ud5QZinNAQmncQ3UvJQbd58LFxfxGZRxGTB4U2jlEKqTe0xw8IT3U+IcR6s2mEmiZVWfhXUx8CXlSMcLshcUSY4kYt9QMRGWsZmwjvopyosWKZVV/asRHqB4h+o4VchcoP8AkVvrGZWPi9vgIus0+EJQ/tC9QLTYKTOGjr1N1ieaq5DVICFQuU4mbr+WZr+T/tfyf9qvD/2qscu6XtUeOlibeFVRV1i/6jtB0KpvqBjKLI/cKcSQ2VpnUwcFJAusLBdjpKQN0GgFfynKrHBE3mputoqRmVjfbwEwxK9p5g8wDxbyp9LdY31cbBYuJ+FJS8iNVoFWysu0K0lR35XZ+FR7gqycFKx0PQxARPuLhCSkIOi31AwohFpiRlIFXaLnMlRsO0ZJy5Tk1doieJ3QKaig1BS1EOIUUQjwzcdHdVrxD/pYn1dEO1vGbjVTz1C5D9LRwUnd46ExA+4nKYiBRg07xMZqYhMlcnK3Vb69CRX6b/qGEVcp23KrMou4f4g5iJTnmDHjwvar5Rg16nn3Um1efOi1OvwZi4TeJ+UCOhS6di/dErfIMzotMTpGiqFjf2+B09wsE5EXW+uR8kD4KDdUBA6FYjYWjVEIsNxmkLohv25SHwy4fal+34Mx4i5sQ+OCMlIxxuzUVRmHFb9oERqidUHaJu0MIq5T4lSiNMo4imMkhdf2+TqpD4vEZ4MalaqjYd67yjM+egRCiBiWqUJqcarZAIDoTblkjwz9LdfsH+1qdSpCxCIVbrBw/wAqfmDxlkUeGYyapvtp8dp1hymSrXMf8uiYy0jjH3GamIklO4kvXXmLhbwJK4nE8eIFF0Z6wmcjeIFiWBixOqc0h8JrtFPNZdpRmP6ujPNIraNFvD9Mfal8DYqalbhj/aczWBTVLEIN9quUzsv0+G7lVL5tlIfAqv2hOzW6uExwxkVI5MN1W560jErRovBj4NG6bwwjqgmtyzcVXlZ/1SAVLjLM/BwsqVidV0H+lJoXN8HcZKxkVtHEfgYTEjwYFNgHNuFVsgpBesmEVdosfFqdMmzurXPJtG6qQjJM9Zbq8Jjp4xaMxlmxYZID4RQ1gWhPZonuyPdHDwreXLfX4JKJKGSZU3UbplY1AQmSuQTVSrxPvpyK2jMLeJKPEPwyUXHuhNYtQpxdCbiuflZouW3wpIhCMysT/oZmDSHJdc2WqPvqSK2ySKogweVLKW9ZrVNFBekMgZwxNyxPM3QxN+Gxw1E4zKxv+hn4j9FIWjSHaqld6LZzr1ZFTFozg55zYoXXcPwrhVb+Fp0Dsp6LBHCe10KlDFyt0UgIkKWkK/DxO+hncdkctvhzZ+FIhSg7OWnNyFSdQ5SUTAf6U4VUu4eCsTquzHdV+Wd8kz8aqpUQdnnnqpOt4OT2hCRUnWPmLfeanzQI4jfLRUciXfu6NStVQSV1dXVyu4ruVQPgSKwm3iLW5JFSgMlFX4jffS4m0MRsIzKkMjv8uhyiSqfmuPQuqKvxh7QHR4ntBARwi2U+8tVToWVl2q0Ch8Ao9C6vNTd8ce03ouTInWMguZWGXdc2SS5jJaqjRlsu1EtKl8CQupv/AB/4XodGa+oyjjOZzlM5Kqg6b29eiJN//CaN0T1TFuaRC7G/hdjfwuxv4VAOrPAJ6yVgrKysrKysrKysrBWVlZWC/lt/C7Qu0LtC7Qu0LtC7Qu0LtC7Qu0LtC7Qu0LtC7Qu0LtC7Qu0LtC7Qu0LtC7Qu0LtC7Qu0LtC7Qu0LtC/lt/CowLtC7Qu0LtC7Qu0LtC7QqsH4XK0D1GrQuxv4X8tv4XaFZW/+u//EACwQAQACAQMEAQMEAwEBAQAAAAEAESEQMUEgUWFxgTCRoUCx0eHB8PFQYHD/2gAIAQEAAT8h/VUltb0zqgVOUMsS+4CPy9h0HoE8+NKcnyXDgg7GtHTXVR/+u31Frt0SM2zJ7voAN9bexP8AjE/5xH+uIFdXwfzDXLA+J/ziI/xEd2JbYTP/AIz+Z/xiHG98GpS1rxP+OfzB/wCM/mfeL6l8t0CM70PiYYV8/FUR3+wfzP8Ain8z/jn8x+YfOtuA8QT+In/OJmIedAzLhfaf8c/mW/xn8xSbvz0B8tEytfYJ/wAYn/OJ/wAIjtKfAfzKd+Z0X1hnPiRmhfB/M/55/M/45/M/45/MGao+CDUsenZLsWeSD5gDXnr0QJzKdOC7rMRg8Rby6kAtZdmXpcZ/FNwp0q8S4vJYM6WDwa+/twTsSjeEEM18SNbsBFBWlQKd3tN2h22IKs0wO6GnkQmVBue2Y1t7B1v1T96Cdk8SHGtKwH1r3F6ToBxTvQnPVOHuIm83zfbCC3fQ7aDngxWh15ap5M1dkQwx3mGZ7tLiVqCWvjsQ20wVDH1w40M1aAF4IDAaYj3dXZ86BaEMzjQdbvs6jTxo5GUDs46Y6Twhob+HVYvEYTJgijW3aGhQLZT5NNy5c3KBg+OPdh3Yc4TkQjZzquhOd8RGkm6E7gJQt3cglLHV21NoTdfExKknJQR2eiqHlgypfLM027QWhRqvWglWMHTbB0uOKCB0hs+oOdKaWRDKtmL4h1gZHQOlPv8AUiicK0X3IbGn43S2U8N47QwfDM705PRhDLN0dVxEN2Jx7IHwzxs4ayhFp6AOIRUmYlxm5AvN8dce3VfvLA+h3Bc3qnqVWB7zK+DPVDnSAYbX98ANjS9Lcs9pmr4GtIrWeZN3S306ArRN73TU5fGhzcyvnWpe33htisJxCB6Bi5OMITgzZGVDzo7SnnrEy2TLyobaOtYZugoPQMwsu/d1vCxMFhBl03JnbR1zMu8p7Qc9D2R6CRWzQgFm5ERpgs6L/wBbzLUozGCnvBbVnWdJd0TeD5l6LZu0KnbLK5e7r7sRFRCHmWHzLlygO1mIMGlb8mtIPTNmneS3IXZaKGVihL7ott6De65UdhpZfGoou+tVe7rVLYjcTxrSry7anSS8O3bSzlmEwiOF7ZzP4nG33Af4or/FOGTeqe5vFjuRca3dY5INbXBoY68K/X7zxEpuEVzqKbbn8+gjs9VG7O/I/bUsW9xV404ShnHLKKPJ6FxUB3F6XWe0Vh09cSqxp+R5gLOlrPtdibJvvE5bA5vwiFlsNp+GWFt9xvxaJ9/qbCPiGJbbGuNbzrcuyJpn+eOmGfwpsaU5wbwAKNARdo3j40rxFeBWV/pIAMHVc3lpFXEETc0Co+RNrJ0aqYl2doq1wX4dHoNsiU/5IvoaAW7TtyblX2wzZpshsMBijhi7ISAGty9LnzpuQjp2xoBaAlhmvib+E8mfiZ829rB8YYAD6O++Zl0j3MT7Oy2QNiHfdGLa4GbF30oL3c6JLX2xrbTgVNhpk3fLWxrxvGGWJhsgg5WQ8noQbs7LLOMA7PRTE+dITdsTz0zjltoytcmSZDwj8akj2nPUzsHp1QKzK86FRo1kAWQYJuOCZqre/QvRj0LrhSqUwsDzWDztBaAH6ERC6NjcpduILayyIETdLN8Rrmm+cw2nt6BQBLl4zcVm1NoiA3YbvfvqXawKsSJ5HVMIzuwg2HQJS+YjLc0QCYSLY3N9Q/2GNcF/1mWwDlgcHYj24ubjAGp9xCmgdLXCI3tZtsHQvU5vGM1Xld5kfYf0/blGrndjF+BypyRbd9C4+VEN9PwrXORZhtNkugxs1CxlgdHeXUFzNlUtDFhLr8jXjvcHAqYTh6gpv9ZlnTt1jszHkReS8WeBOKOg6F6aPAj9Pk7/ABL1+8P6vPAme3wcMtsTESG6GA7j8w5gW1KHX266JZO8tZ1vexooFspVzDLVe4RhGUJyK9AJ25gs50DuhEpTtoNIx0PjpW21h+G4XYm6X9Tdg6BqYRjvp20eg+ghT4kyuOOBAr9ahM7PBl4Zm1OKIMS3wSv16K14ls6e8NfNHEUE8wnPMrQZ5ZUqOMCeS9mA6WpF6OybCAYi1C8Lp2am0DMi7TI+4S0vLZ3VCEBa+gehpkfsw+93uv8AwBpjwbnN3FhtKyfg6OxDs0uPplSmLbBF8xebCu966bUNsysV83LkNyVoafFFbilcWDz07Oq7RCpYu+jAkrAjA3eHU6HRQLYsWhMGP/hDUeBYzeYMoT8XQ/ajzoMNSsntFulU2fb01+PX8jU1pmuhK9LQHOIM3DHbPtNpOhuNkWc37YNlDR5x9AyTCZ4/p3VTmKw7N/1A1HT/AMniivJFfbrTDxsxXUwWqj2utCG+2ty5Y8nWwvbXD5r1sWi+gK/3b6XGc7QIcJsTntqglMzzxyShdBRsheTmGroHTLf2gz5Hv9C7cdK09v1OhgeTRhn6hLjSJPDimRRUj2gITSweSO5uOj+TiGNl7wts6buvsI1juBObpl++dLhsm2EtAz8u6WX+zfoq7EFGyXV93VLKZ3FxZvE7McuHMYCbas9CYnIedfoZKN4FdOAd1PJB9E3itJKfq8TADxqG0sTTwQQ5MuJd4tWuuAtCCgac0xWTFXd1MnDdhQA2NLuBW3McM80M8SHSBolk/h8Xf4mN0xPztb3Dw6ugwztDxrc7gya7ZgTaW4xnBjv1jFyjLu9VQ8S99z6Wxo7v1nLO6joxTfKbYGpXfdBEs0QCO0QfdO2rpMtdw7pYysBjvA+pbj86CoeL6joTSmXQA92ya01bzfWG2jMgbmoh43guNk0d7i7l2Yd5DQYOs3foDyULN9d1PV4Tzjv0WG7O8nxmbhj5+hQxt8EM/fn3EERj8BdmlEFTb7dGUMM2ov1KNeC/xTsj3MxZ4IbQo1HzMQt3pXoDMqju5daNeK6i2qIZAypWnH+zS4gFsk5Kc6r+tmHdoL9uYFTggQy+/Yg7gbwKOrYN3aVB9AV5JiJtg1QTMsq+To46NlyP5kcEd0X5S78yxougjfLQ7/ovNom6WfnTPmzVgpwwiLnh0DWiUOOk79nQAsDwca27y7R6uhnLX7wLaxWK3vMMTS7xMxBxo9uDtpnO0VCxbVlCcYT51QT7tS13nbV2Oj7f0XzOdxKelG8w9yZe/wC2IpmAaBbAgsMvG03TxN0zlW93Ogu6IYGP4IF/45AAoPojTLTdE77bOnE+zSpQVSjgDfg6z7Am6dsZN2LnWhNuWESwath2Qaia+HV1ULExEgqcy/zZlEGkSeWjQWJHdy0B21ud8Wd4m8AAHUVCw7u/0a3yYqyqgkPAMyxG/JpwQquFmPhLxLiHn4JetvtwQA2NQGqqweydyNozcHf6SHomxl1qsvZpe6OO9MdBuTlRdwz2x4oRtRLFtZ4y2lSjbvqMuU9536cb7fQu59aJMh+nT1Wgun35FscTlhk7EF56Na2m/Xg7wKA+ish5mzQNMvRpYTzOPnCGO3BhcpjGJxXEWxvzpvbntNiPK7zP18hAokZJLIwlbwjecN/7Qz9FUx48xuTXhGBmcjURBICJZ10LgQygl6eYtiXX0xjtLhLMSicIsnmDYOn5PHdENSFUjpj+LTfR6mFN8J6Y0NsZ3a5fQK0/Nn4qGNg2YmwOHzEaXmO0vbMoIl6WnOT7bDtCrULet4UWF5ZdUsqXu69iYO/CG+CB7wTIt8Ppd6Kl3jvD2giWa1YmXuF4m7HvXbHE7MmxOgLPDkzG7NpeneHAn4a0siHUO2hdq5ldLV40zPkg1GgvtaMGaHMQwOJ4jlqMQy4bNd1Ex0XrQR3YvvT8dpl2OAjjNvBOUN7D2nuKCCzReJv7MNtvvMy1Hd5xAM+SzsrVdtX2b6VZnjCykyTmyhqhNtYzZEeNyvdD5Zd2fbNiDRdbTLGSkscS0pPHLBEbau2i/HX8fT8bX8vRNBc3xp+J6mI3ulGAJsXzBIiWWmwaVMZuiwRgPWrS0MO3Pd/4m/XtxM5ZKIFkAImGEOP7jtB+0/DMjyYip3n+IEIg76/EX0fu1ufFQ+Pokt9GmHKCBBVq9HoOh037LtOOPCV536s6D5hoOh2gIo9XeHfAOLgB+NFY8aALY5DYdVR949mipvENX7t6EY26vebJvGBo5JacWSkxfQsEx335lbhNuyZ5CgCyK4DYf9m8uBybQz+SMt9fjTE93co1350vXs39LPM+8GruyPvUzGG5yde5swdTS5sROYRsWE5Hc2Q1zjiDaDHS62iPs2lp5Iw9jMNMPywedsZgX9hqq/2wxHS8w0HjVZvEVkWI7Q2lWNZV6WYNi5cXRw+z1pzsZWG157TOdbhmycmJBu98c3OFB28QbL0BB5i3tr0UDxLu2fpHy0HtdbkRGkp0RWQ8Xed2GIDsp5s82ebFdzK8ZTKT00BKRgZZvXvvX76gqBPaO+q32N2ttzWq8Bg0zgNjW9Z2x14Yxxq1iwdjQWPoHQWMfDbudoVVtwYixIORihe2+Jv/ADPWtOP+yeWyO0x6MNx3rq2QwpZMSHuVN+T9mItNJRMI5JtbqgjFvQhAd18QmhWqy+g/9ZvKQcQsp6o1d+I7m66MDusIvghD5sTM3uaZn9UWiCjr8njsz2HX0UEpjjNCR96PtzsA4Mqr7IGy9LkbytT/AFemHydFv80dLFjgQvaNIwDmXyJsJ6Y51/ic/wC1Lt0g8M7QbZ6kzxN+4A2Ohepv8v8AKc3xkrwGrpMEbxNpSZbEYfDtqoOalT8aBfi+rxedbv4n7ksHie4b17iIY/ER7Z7jwzhfeawMvOK91Bon3Jntv8S/wftoCLklm+Wn7zodHo/fHQ8syIsqJ3lkUKSZzI1b3DsyhEhZwngwHhAcHQfWLloiWxpB30FAQBEdFHxeIbdbf0FXqpDyn78qpyp6odBV0E7G90t3l2JsCO8CbvxBd3uGyOgt7OwjjvY4s3HbszmenWz6Rk3R7/ZLp41yLxBYY+IpLBHuD1FG5N0nHyRE3NHAUb0tHrfokG7A97M9u4BsExAtomed2udMs9K+hl+WpoXu/QuOyM2/cxOGDU/tGbr12xODDsfQgzBE3T/JBnBval88aCvCy93iZeR0WN7hllezpRGVFFFi8Qm7shsaNMk3lU3os7k3QidsTtMyBggGuz6B6y0u08Ym9Mt31ZoZhG3OpdLmChtNayendr+NrruOwgp25BDXqg7Lq8h/iZpVe7ywah9OwKnklvyNY0hqv3eiunJKhuKf8TIm2NEwaPtMoVCtPHTn8GNUdTG3SwdD1MF9fv08DR3geN+8NE70Ew/bsQGHfp4oUebv9CO/HUNjqqJ3VTyQxZe0ZtpNFRmGnI9Srohxg7sOTsx5n7wdq82n/uw6um+JyS7MEsH1oAIwds2afizGd48MGtvg76Ep/vMUM7aI5Z+XPx8GbzMqCVzDtV+SAYugmhPI92ihLXiDU7NTprpfsf30E2njXmbotKrQiF6JVDHbqMtKx3xD9Ba/wzY151EwXipWTyngk6UGr/DMl37ZLG88BvMaPjJyaHVO5jp5UYYUvkqLvp+JDW4Oj/LtJlBJX4NyVmWGKN3AK+ip2jmbPefEYiPmg0fUcxC0koCS9ayFDGuMxnogDiCx9RRzQEGyEejzzLIudohSaYUQV89PnXW5NjXmru3TwMSlu70UHZd/SgY3YY8u7AqyWxDkmleeyoqna4SLsUW5OdESvf6hA6l3OHV6dPwISkywlWPxTm378aZsFy7iG/kgsYGGbntrhiH6jPypsNQthUbEYmDQQEHaL5W2q5d36FvLMXgal0I0MNu99s29K9kQ/Cy4+OjZ9zZaPw37a1SKM5jeSMwCg2gqR3iN/Kjq4ctjvPu8e03+OXljGOAnppVxAuNUB4YVIc3Nn3KAiZ0sr2Yqm5ruV5Tkrfe0e1gjFngN0CxDkO+j0obx5hcYXwuV7fOYRj5tBy/AxqhUzNa/49hoLqO3xAmmVbnRf0EuZvAhtqzfMHiEAbZ1awfMPxv3jrSFWPYmfcRaPZnpWOjNzA6Mzy6lD2IqROyLEWbviJL3IPYzqFoQcwEfnTM1ZWJi41vBYdmJshK21yuLA7MoUb6nEn7oPDMor3ZlG3H70EviL/vA3BiNqO0GPnJcPOUty8TvLgSrYRcHdm1pWhczJnVmxMocIaUH5aa+DJvHPVegdaqUcfvFd2/OlMVdDaLC0CtOHiAKCjVfwtBu/ZPVE9RejINTZ3xqIq2O8Q7QwPv8vO+3LLhUfQ26Fx3VHeW5iLMMY0RmjHE2kxkbuDfLAAUEFDvKM3SX3wjd/KysOJwTIMQtv+RiIBjBlR7jMRmCXxxE+x/CUOYijZsJGbN6szjtzL6sxHiXdTbSTQCIzt/xpc2Z3+2fpD/u76KjVrMzafgJShNXSfgSgkeHTxd6DZmDwY7HchrQXHmVEu2tielzo6HDCDzm79BU6AQeSJ9rhVG8u2REry0AvIMTguZ31xT4jK7G0sPiMXVxnAowj9sJ2V4igZWkczf4zD2f5jnE2jgd4Aob9KjV0QFNRBKZkxrb6+SDpdV21s6+z6QN2uv3hbnF7HzoXv8AfMAKCHT+zn4EFQ4TKC7mlRx0Ou3vPugTE+xD6Dph8DQHCD87E8fkVh9fS49AqbdpbFwk2ENO8J4PMCM4SneXoxyEqd0OZ79LiMmDvGLreDgjLtkFpDHwlj5YWRE+J7C6Tv8AbQ8N0sD+nUKf1GZbjpV44YqHuQZ5NICKTiW3u199Kla2mSFdZ+pdP2c/HnyQfifNK08oMyqO2uC5i3eGJdJh8JgVzMtuxK94MQopB9weaymwUfTJpMjs958Ccqsz8SnPQv8A8ENPc4sCcpdh5goGipPiZp50pgxa1YfvMsXiIFamOqMa992YdTr2TZo3S6vbS5UfMQ7kwgUjcsTudG/8jAMmZ7OfsdD0HQ6fs5+LB9ggpdpVh8SlNyzeztqbl32ENj3iWQLOzHRUBbRELwIfmHMvhlK9lbIq/qvAJ5pTYJnzUpzCtTQWwDzKF7XlLAe2UF2ExrLxArdS5fEufFLzXExrglAcFQfA/wAJSpCQsm+rzJjW/wAnTdHk6jPV36dWS2OXX8j+xrh3BX7wquOt6E6SD7EUXYnruI6ljnG8IDQWiBfYx0puQgjFktH4hw3LMlBw20YspM+Bx2fWS94g2mfiUN+nx4Ss/wAZKX3biVHNrdjnYMJkv2acaDefkRlc8F6WLuydyYBBngViq9kIyuIODQb6O6Eq641wraxrimn+anvYipnYbsVBz+y1yX+swsj5ECtodDr+HFVpo+7KWh+96JF7ki/Dtas8wW8kvH2RV4QrLd/1hI6wfdGqnvKlaU78n1TabbEpcwB0u6WwO6ZdBeGKmD/JK9l9wAKNC5S/EpC5XmePlDQ8Ey3sEdmIZw3YbaC1tsmCabHrR3fE5DpL8SAbMY2XGITvMQbuuZQce+BDX/W8wUieduQEHD0L0C/YmzBQR51ijvvTPwJh9hFdvGYQ/doNuyLXGEsJF664m4bgfXKYFzg1V4lKbjPLh+k4/uh0GWT2xNOuT/xAX5V3Yp7Xm2Vs74gmeX3nv5KCm+2g37ttcL5hjSxO7r8SlaLF41QptVy1bLxN4tS9Vg26QNx2/eeFFIvWctvoCn5S8I/F0cTZi48s8kA/eM+GhdcBsuCxJ9xSj93pxs3hslqahft2YJgMsqT7lIBHiw/SU+3kxSqO+xFbESuy7GJVxfuNtiLZXMd+CM30j7QbzkTnHp9yVIQd45ZC/rXdXxrf9yVQTYiBN3VMPBiXpQLuZlk2/EQu0AAOk3doFI64xcmi9KWJDF/G0oQZ/bO8ouF8aLfBBRb8RR2G2grwg3yFcM8nEG4EhszYe8Zsw6x1AsIVVxtrf6FlcEQlX3RpaANpc3OnM8z4Dcwg5O0ZI+IrVixLe8p8kNmhEfMEhxooFeIzTviBNdiV3xogFnkxnFTIOUTTAtqZZu31J9GujDQ96t98mRZ14mPxtDd2SpTHI+J4dBpGyCaKcIqXB3JZbtHNPZTKFLYI9jnb6jasPiUT0bnaXbCVctzw1vGtmofoPI6lHwR3lwVi+JVN9HxLpO77UrYbgCOkL0VMNBAoDTBtu8oxHSj2z1DPnSuQrT3bHRtm2lavc1JHniLOvRQlM4WcTDuGe0ts3Ouhean4OuyHiC14D8ELwsIuE4Xc7z89E2+xhqZO+OaT1By7mz3Jm7dyYsd0sEzu2lNiGlJX1679PcbyboufMzXfGm1xY++Y70ZfmKMe4w6iSLKmC7KlukP2JlsoAbGpcvoRMmFtM63dLizbaGdsynRLKj1zKTOrDcEQdKxPfRuW5Kfz15CO38IXZEHizywZMfafIY9T0KXmgjA1e53gBsNyBd4JQ3A3IhGyVz+BEVDvFuzaAP0SgWzk1p5f0XnsmCzdGg3L1vMneFTmnOVB8MxtyaPXv6+JLC6DUZ27Gpqx3W6x2xhjG8qVK5W9we3GgI7Eu89+rDYPM8RsVaGeAldIKzkzEA8hvHFzp3Y3PfsgIGzO1os0uC7cq5xGF1Epx+Ez6poPZO5KVkgBmVy2l3gh0gyYIGuYVYngJTsfSSlbV3IBuH0LEZ7+xGYLU3lpb6VC8Q1JYPGI7zl7J88JL/cYQHg7QWxY9JtnLQK8yzZtmY0rJtAGpkbG7VvCNaj5ly5bHdgfFLOh1Kji8Isek33h6Qe72l/bHaUKgV+5RAXaGCeTd9pgFw/vAAc6ZCTvc6YbUsWIh25EE4xAAZXefhN8G0CunzWTZPtqoy3l51HaBx11N/Z8S6VvNodiBjXzjkm798kDnMKexG+5KBe7pbqGeJ/kScowlRHjHT2Bjw7v0aCss5m3hGDuMSo7ZlyyZjxrj93SDK57h99aTkM906PozG6/xELW2Vc2qyrwJmsECx83QRtzJPJDEsF77Nc7sfzLFTSzZPbYMFHzB9oEESbMqV1uafI7zBvtplrJjP4546u+oFoL3/Gm8TlWoRmyRQi1zmZVmziUoe84vaHA4ylVp+Vq8dcHRWhbPPHEAUGt0fQj18utKvLt1zNr4gr1dB5I3P2UWDodTq+Oi53z/ib8XeEVU/ciA4L7un2lEDX2v8MABs6XXNzM31g8NX2YRnP4ETl230qPvuRXkkJqrqd73DvGebaOzW5v7TvZX5mc9iVKVfsUxDdsoph8IlvxMBy/BKOmd0LvuK1VSnR5HQb/AMBIZR9BCiG1riJvo1FjAAo6I8Wq70wJVbqq+OfYpcyHxKT2iAHTzBtGWRZX6OoNoNVk5i3xOzIrxLFOyby8TGqg7O3qX0hgBHW3P7y6/MSywnENBadh675f4ZZuF2+/0F6+jvB/Uo1C2p/Agsix/wCro/6fMxj3PU/EcXJLsuyUy/mT8aM38fEW46AgTsx0dVAtnD9+u8xj91D50Ggv1ymOC2I5co1Bbi+nDXxz8DT8fSnE5mIdojtfEyjsaOswAFGuRc9o2Xbia0KXjglfKxNy2b6Dbt3hTHxokbNFp7pxHrMC8F9uejkg/BAW5y95c7frI29Hfp7V6BRWnvpnwuZc8uJfdkYlqMm12ZR3swy4I/NI0SjudB0MUMrMQvRMkaO0E86seJUjU0u5FDebU2lv862X7OhvUYs9z95saWLxOb0H4y6xtvEogGiYdAAGtpn/AGy7lrKM1NOfUDXjGt8fwm6BxhUESyoyjn9sxBg46UR42gGl4lvENxPwaYPqaVhfxzvN7otFxegzqyfL2hPbDjtAAo1udEAkua2KPD88LBk5L3jkqvuKAWckyG0LAlV7dvqK3smzQs5IV3jypHhYfbMXtqLhK1FGxmEFytwEAUHT2HHQaRnn40qUcKRGswPn8G9aad2Z0FXgogvbdimiXtQQOeZUqZxz/ERKuZ6honQh85sGwrTC+WDM7ZsytbIaTEFJ98o/CKhsT1JPKbmPLG60GYXG7S9u/fTk3egVz8Jm5/UOez1Adx+cxKPYyDnE5qHKd2wR0XN0sPfp5F3hF0RrsRWXS5MQWczZZa4vEtPPJKWkr5TzYMNoZJqY8x3To5inczMfL10dzLlJlXGvjDKvh/x1dtKnomdBbCJ7lsAMGmVbGpN8BHu+xEBBInEkG0OhkFjPvMoHi8isLfwSwGRj0Ju7IQfJKwvlg1wLnKqnuOZg9hE743nQOSRLi+TqXCVECqBF3lFtMEPJm6boI7lCunLWB5lPbbheIBu/bgAUaYpDMCZUac6eTvH5tyIiDrfp2m+lLKOaeWZHJAAoPoebZQS0E55rHXuRxN/kX7HS4JZ3EDvmGwOigNbbs2lDK3dOxCABUTQqzJhFhOxJRHwYKp/KZiuzaLgvf/DCOGnzLir2B2gpG9JCypFBGvl/FowW7tA6pX5nTuxxAvVtqN4ieP7/AHDg0RUsEyqZFmreCGKOiyH9idiO/FdiAUFHR285reU6leyVzyDWYWQZRP5YsFT9jAxsO4weUb0+YfRwu6s20+mllQGrXDu5qBdG7fTf92WltK2hhnbLLlyyrfDVFIQyGtnn/bGSl1Gm5XkTY6cM3GhUbWBYeZaBg8TAQwsYgk6K44lhlex21rZ52VO34ngc0BLuPEct87xo6Sgm9R+Sbm2pDJGe3dDaDow/pG8Hel5Uquvf04MRLtBdo7CfZhij8X+0S3xFNTeavY3+0v1jyCFKK4PrYK8byzvofmEAhs9e37GrRXmc5NmwT2B1tHYgP7GlA9+vdTFVV36WuhuLHeVN/FFGheIEoCldHfsY7vn/ADMNfya1P6XBh+Z8fyKqRL9W+6Z92jRwlBC+C33htWKiUzG67S794gBtrSkEU9pzLe1fRQSmU38xLjk0FJeBPmHMHx+gQRGEt7cTAYGlbsw7dWboPkjxDAQ3jqttX30vUc6XQ1hKF4gwWOCO7yyzQokjYL7geYM6ocMR3N+8qh6u8DAwEGFFizeEAu/EJlCgk/Olx2S2Ypo8TEu2QCeI7w099jsQAKDR69BLF+QpV8g0QTslYt8OigWtEyQ+eBLXrnBAAoPqCRW5qHZLf4fR73XfKMVkdoaTH6BVwbR0GTXzM2egdvGg0KUgWTLtCaOpKH46Kn8a0Pzr781GshQFaFZb4iZ1XjexKuwt+02+yWgNDd7xqwuztFArxOJ22qtLS7yjH3FKTBsd1fxAcZ5LV8tEWLAPnjvF3yldNFaZcWAeEaZre0Sp2p3xAOFByfULvvYl9WWZ/h43MQWncHuYZlbTiE/Zp4X+/U8X/fqeC9XnDX5n+Hk3k/MEdn6OKsN/MpupnMCFJXbamp3v9Xq2fbvAoA0ZtCbxVPxmn2OLNAI7OtFPepDe+hQs5gTIfeDobHJP8hLuF7he8GlnmVDe6ZjiuOCf6pMc+4I+j4oGTLYgEBRqsf47wMo9jxK42Xm8zYqDF7MuUzXOU9ENbbkfKmIABs/S7nWxFdsSY+ORaviVFdh15nvjvM7YA5D7bswVWvUU3knZejOBJ2E3X5Qrnff8zbv2TFKP0EsPeiukVE8fvPTB0CJVL4mblBo/sNPx4blj4YExTyOvzacTpevD05Q3AIfdR4JsF730BbPsdBMNy+IIlmotBZtCXWjBwepcjsz17MsHiGw8RIexvF1VxKNwk7M+YaAlOZS8N9fRIrd7EHbshxFu6z8a4hthoSDRmFmRBlM1sdusKjYhn5EvczfNz56xcqv7ce6ENWa+OIqII8620FaXPxpYXibk89PzzczpdFDhzCqb6JqRHDPk7sy4XyWX6DvaYy+bpyCfiILyd8z8Qxue6x+I5ll5zLjcMBjgl/JuJ7sgQTLphF+RiOOSuflaJJ9MIhsnWRRl7EWu5uEi25d10GwwIR4+p/3CgA2ujHQwln0BlXUFm637agBupCe/d0Up4iDdgvM+NZelA7t6j4DRLEiC5ZINMG4xljtKPPKm0IgBR9LYvEwzFuHM20vkt3oNQ86WOCbueptMzaD8ym7JobdhGd0tTztGeo0OY/xBabX/AJEpF7e82foqz+kr25VfUO0OizvEVd3SnuM64y9MG9LRO+0dHK34YlPMXGliF9uo174twQTHSwD0m2U6lZZ7G8QvdZO0vFuo/BOi26cShZZxwQA2iHluHfQDUCB7gnYegbv5PaLuU+RB8aP0m8pvwStDLEm3r6R/54jZD4i/KciD2y/x1duk1u0ZxUNuiRnMGwTQGuSBa4YZiENyGeXOtGGeGI3V9xBXzCJ4OtB3Iq5u0qdBstmM7xvOLX0N5TxBk/yDDdyJjnGY7O5HJ557ZlGXuugMsLN36GIbx+PuNRLb5/iLGLj3e4AFBjoUI7P6Ie3YTG7s2QMYtMbodP5f9jV6n5dog7kt0REGqOLQ4NuSFV1DZQS/aW/SVm+lpQ77Zc86N3QEQuzA0YDgIC8yutq3MHsQ3DHQ/A3MGWxU3Z+uYbP4XpUFriWqfmCjf9Dh5VKgcmruCbJicVZBNlP+NB1Bvv6PorPFrQsEQSEclhI2PgxWaWlfEO3rs0VexvBENj6l1h6C4+4TMVd4ynKzABNhjSs8qlM8Tul70oGQ6lVAAo6CjizGLCHLxD63N136bQzJOP0MAJb+If6dsrDet2V3jGiFBcfviBb2wXGAcSjoeh0SxIhcHbXmfENERfMVH6dVTI0k3I8GPf3T9VLnj3DqfdGSGp/kIAAKCfOqdHBWlorMGjNiRHkr6cVhEN3Z5gZSIlvcEM379KQK2/QM1/2SDYeZ0tkHLWZRlW+IPQfRdobdCaZQ8U+J4m44YNZINO41ohFtr7tHaW0MH1wogns7abk+wHTBtzMt/NUxKvE+FZAYvIsFFtBu8OhOm/hLOdjgdH+tz9U62HUAVaIrfK90oDrT5GAeuK9INzKo8qKe5WrtDqqYFy30xDklVPPJe2oCksht7naYzowCdV+ruuSKzO8VeqEE9Zal7x3s9lmS7q57s1WhYfeaKBVoiaYB7rddIUMNj6YqcEVzn9or9fQ/WiKeh7oAAMS5cuOPyzxIaUJBMF7DGNk8Ra4xLhmzoN20HqdBPKu2nAiYfMwDjUTmwRuS7dHJ2lQ/WBSffkRUmHLuZ4U0qXc637xKLd2fAwcsOLeLu9wiU9P0REXJAqeSYF4ly5bSDNrRvoTz69KaC4tDdNxq2GyMs1u2t9SqX4OYo7slezeIcvmCWpZeyswjHHS7D41v6bg1BMcwbB3J9hl+m+UCruYdcT3ZtmW/BP6+iIOEnYmckAE5+jcuXLly5cuXEosIfdONZn9BDqdpRja0bQkHcgPZB5E2hfMZskrWfwnLlbV26b0XLlxsNkVZP26JcRgpMqM4g+pNSbby3YIzWp8R4JKJuvqp3T7RW7bzLvrtPEHAf5sepgBpdeI96WjNwcsZMXbkzFkS5cB3Qm/cqgRuIuXLly/poO+hssfr88MKC3336Mw4JtFvfW7fTQSkllzY8Gbls6Yh89QEHmB41t66d3Bccynw7TLX+29PiomZ3WACOzPBDa7wxEuVr4MyOtjkIV7xyy5cuXLmBI5N0uX+hyW/b6FYHhMDYcxcSou5iHPbQ+hX0rO8p3IViX3mZkZo7kw64aHclK11UwTck+gwPdBS8deiMAdFxbj7oB76bly5cuXLly+lJV8y5cuXL6Vb4rm1odTn+OjzzG7AmWwRHLcPx01K1JsCbe28S1Q+0XN3OeZNpq9wL+acpgL50deD9DZ8O3W6DEdvtbtfDm/QmGxlPa676WfPVQjwNxWX8forlylC8S5fW7nYE2pgiDoiSgjquCKdEEplL8/2Ovf3PabKh3jVu679uaIwkNVqVR+glks67E54m57mHQ9j6r0d0IPdcDmsQA2JcuXLly5cuXLly5cuXL6mx976OPs5ehyw/v8Aqa3w3iKyFdpXUG6KiYfEirvAFMXwaoFBjvDDgc8uAdKpuiitmMli8fQe5BvrtBzFheIN/d60QEep2D2lHc7dpX6cEZ3fwfRye4zFfOtnN2COdFWF3KA7u0BJANitWVjfslygosdLwSpDMzNCbsPtNpHxrcuO8DNyPxGH7bMyjc+uoFsLFvsmY77cP/BVW8zCf9H6Ir0QWXULHbnSlhoGXbqJm+PyxElujeKbNcxnP26aXouX1JYkv2NuUD9FgGzoJsXjaO6t+3b/AMLLvDPZH6WNc+DUDdLTW+lQfEpLOivBOzP+En/CT/hJsa9EqVKlSpUqVKlSpUW/Yi4B/FPGnjTxp408aeNPGnjTxvtK9vtTxp4k8SI3+1G4lvek/wCHH+vj/Xx/r4/18f6+P9fH+vj/AF8f6+P9fH+vj/Xx/r4/18f6+PH9uP8ARx/r4/0cf6+P9HH+vj/Xx/r4/wBfH+vj/Xx/r4/18f6+P9fH+vlTaV3E2AT0R/ro/wBdH+uj/XR/ro/10f66P9dG0T7EwPoVarWj4jvG+EP6vAf4J4n2nhQA2/8AnP/aAAwDAQACAAMAAAAQ8888888888888888ssc888888888888888888888888888yw7yyy8288xy+z30z2y1+0y8wxxz+yy7yw85yy8wxx889j/ccTkPG5oqtBsYZPKAw9c8WD6bdoh6Ir81jBD+uZ9W0uLS+c5ZdTtfBKCWrzdSQLD3wX9lD/AL7lSgLMZBe48AD6XLIaxwnfNRpPXOj7Q2fYo2XruXI0SsKQj6VGgnvG/NL9NlvsI0Do3QEvXIo/cABTv/PPPPW/QP50AXfWt/OA6SKc8QVOOcN0v9sPfOghzvHPPPPPPPPPLOy63wQgo81BP5EPJjR9L0yw4MKhvfYy93PPPPPPPPPPPPPLRSyegOwlZ3mpzkFFPPxiI9grkPKjzfPPPOPPPPPPPPPPPL4iKBfPTH/Owv8A27H2xNbqR8BDwX7zzzTzxrzzzzLrzzzzz0djjHxAOzGBAG0j6yNRI2qhTTDfzzjzzw7TDzyfLzzfzzx0AsMEY8aQkR1N5/rjQO9gKac/xXz3zzyxSobTvja01zzzx8iPaPw6MwFZXVWj8h2l5Mjuf1yhzzzy5ZJaIT+aNHTzzz0XNR8m196tOnz63Q3cvEth/wAjx/x0809CVNmDf94v+8888kN/fZaIcBswz09AB3V+9BP6kQ3Lmj+IiCSLd/oZ+V8888Gs6gKF8zY3N289DES+b8kX8ic0o+ld+CCCHwQ78Zp8Q880365cdNgR2cy9rpjNd+c3/wDONPPOtF8QghixeAnqKfP9PHOk+m9Eg0PIgvvOLfsX/fH/ADhzTyzyhcILiHCEVSzjyvYFYpxzmHQJHygL6zPBlW3/AMc8u8d887kqAgPaKESqvBwqmvmM27B1oLV8+D+56ziPe8u58uUo48v9jCTfv12Zwjw3ED7BqdJIswyC78888/Aq/Z5qV86ce+sikCCldr4EaPS/v/OWtVsOte7UDS178oH16OuYud869XgugICCCVkK3/uhT9BJ3Yu/6NZlkPLCC++wQ88xQZ6XqZqDufCCCCQlTjldGKzfao0rI+Yzgcvn7C38CGd5jgJll6pKB2VCCCCCrqNh5R+fwaEGdky6BITAXzQX7mO8rCL9YM8lINSAkCCCCHUK6cH4jL3B9NC4+PmLh2349vp86iC2qPqlunUJ12+nCCCnrDfW8AhA5ZUHB+q9mtkEiW8XTpCCVqU/yaoQG1HZTCCCCCCHBL6K0etXtiWtWkN9PJ885wEBDXFdfFGm+CEWqqKNCCCCKpn5+FgCH7ui6ADFJ3s24dmQ85N1XGn4R/7HoPCUUhCCRemLySSf8CCGaFVcTzCaW87hWnBePy3EFNLfFa7HKTCCLd5mRRGWs+RrCHH2hCECb+spuAqdADbDJHu8lT/AmCCCDc6RStzEJJDzqMq66CQzrTf7Ix6V36siBzkAe/gL6Xjx/E+wCC+eTcSNeKKpDCCVHEXd85e/s7JOHMef1Z75jOuXybynBC1u/pVwd7IgCCCCS11/886Ol+Gbg/4wytXiJCElQcWPCC9//wD/AOkKcIIIIIIIIAVby7Oi4zogMAK/aW/YADGJHHfxbv8A/wD/AP8A7y9cQKMZCCCCRGd5UfEyuqGTh3+TOf8A6gT/ABeccFRf/wD/AJVvOj3/ADy04UIJHt7vTz5tQPAtETd//P8A/rDHXkrX+H//AODHPPPPPPPPFgwwsNvfeQrQ/ogQXn//AP8A/wD7yRhJ37//ANgt3yTzzzzzzzzmwvrT33zgPk07RKDb/wD/AP8A9/8ALP7zGT//ACXvLdvPPPPPPOy9DnXvLVvLvQkpjEf/AP8A/wD/AP8AfnxdPefwf8u888884B88PZjo+uKe9S188lOPTuOG77//AP8A9iQPfsLvTzzjTnnu5AN0mFPDCIJb0JIEANW2T6oYAJbrffqDtBftuOm10nGFTyonL4Jgx+Tzzy48YUHNo9GVf8eoZ6KqcwyjjxDGF33nHG0LCRwCDIIrL3zvq66+gMMRyA1Wn8KKdzgRFlDDLLLL3gY6xPOMOu8DlrW+LBIFSmKBwxiDxEm+Tzzzzyw0kEEEABCwDT4476bwMrDSz4/333332wwwwxwxx/8A/wD/AP8A/wD/AO++88888/8APPPPc8u/N8//xAAlEQEAAgICAgMBAAMBAQAAAAABABEhMRBBUWEgMHGBQJGhULH/2gAIAQMBAT8Q/wDO9GGhFPM9k9k9kDtUlHbkIVSb8ILasZUaYB7giAQr0MS2z0IhQHgL1KThShcCUhKeZUyKYnslPMCtUnsSuFCeyezmmU86MzIgGBEGVgMkUlK1c7H8gSGYzq7gTvtCAGqnS1vjjJ6CNG7BGEKDUb8iyqnmAqBAIBBEgpqXSk4ZWQB3drmmO4/rRbxBlWYIBaAhN6vMpLuiJsz3wUcFRGJVNTQHPFOBtiKkpiqP4QFZeAVpkA7zK/2WCfqABREFHIgs3tYUHgIqKyG50kikiZJWU1HbusQKDsgpBpiYLqEylbYu0cKjNn7HUuUYNQlWhjrEeMTK3HABbKg1HZUskVY+2B2OChG0AiJdpPUiMbsobiHiCOni5vgXS40bXIQBgUEXiiGKDBDjRL9Rh0DUz3UXUJrzUowkDNgwI1+xOG0+o6hfsFMtHlYwgJ4JoH9iDEvJ3lWglD9j18BoONPV7g3ZErfFW0blAOKUpURiY6gGmBQX3gBKHAj3LkZUbScgQ5X94pwRVmYQRdpqLsYkpQEftWKdvx0UJ0jIwIoiGxoiDKHMEdkpc6izO2GdRDHnYReKjFrFLFkEZUW4a6R2sq6YVEqKPYYDA3Ha8IxgQINQQah/GWVsUCJLA7Yxph7eKsHALHrcvEcy4+2DfctNFRQPLDr74YwPyYCdkt8w4uGQ1x9hZkjmmhxckoUGJTNEdMasY7qg5ZCsydMzMcK3gKItEW4E6/vimpS0yQFeBPTjBNiIadVEidEXRFo1JbqSCRXTqaxMTCFZuAHq4ZlcE9iHCWVNouBRxBuEwU9pYM3DfBYgX+TQNf4IpHcMeM59caCnlHfwRW3l4AT1HcL/ALQ3AZGGUDxg2T/iSkaI1GEjVxwSNsoYmFEFODYJ+Z83Q/ETqKC35DTc1DmVRHHiAIlIFtErmF1KgDmH4WgEfYgi0EdrS4NU0XHa8s0cN4cQWSo+NgWo1LBZCNK3EAOuKCjbH5mn4la4AK5wXavg5S6jpmJlrsRNPTLaQdkzQWRC8jcErKP+PDgNrMoIDgVWIZYQwspySzBGzmcogNkAFF30Q/AcyweH5bxOFELCzLNZQg+6UbQRQ4nxtHNyjUdRz1uHxFt76JwEKswFrLtGopiBQHgiuhb1Ahu6+HeQpC9MaDZEph/tZioI+IE2flqi1TUTsgIoZQvbBjVvmD4IjAqL2lfkoGZ0O4bTD5amhyeIQprsRK54t2R98Aa3BEEANbrjRmp3AsqWRKUl/pXERdK5YO5VbxGyvAV7HkI/DHGIoY6pmErjRRELVWAsoCX8iHGLGLMGpmie4X54plWFxhYvbUvuctS9zRjtVATVNxWrxVjARLJhrysNPDCisxFoZHqOY4tZeBMh+8JcGDtJBqZOJgS1eHI+NQPMSNWl+cMBwNvOM8X4QIYcwJsF8K14GL7qZpVEdlRISA6ia6vFk9HDLxVYYlZbMwX8AymUJgGGJXPD5h8RUGBWTwruY4wmLSOSoTvDF6gzERniSQbIgEdMTMQAUExXAbYNYIKs8QMK1Y9fR0y6/wAEdiG0x8jU2cbU04HIRWN0QIMZSrol9XsR61YiXaA6gjg4qxxo5NlRAJibrCOpZrAPD9FDeZQngVRbDIqPEB1cA0EQlJFXTBTwNcDfAQwuFCrIcYlXL8FGVgEKEeNnjbjRPQBc8AI7ymaSEFEhEdIPS3wafg9ci0Jh6jiFkNbuVGjuJQDxVhDZHB+vO2BDX9jfwiiMdy4qDEBpQQCR08WERJojCdiRIYYHAs4WBNiZ0/B0c53xNaGA4JXAYvGqyN9MQSG4LgVq3lhKFOkWw8Bg8SKqrAoFIiR4EJtHvBTiw+ImhmSxJVZ4R2NRqQ0scn4dPzm3i5eW6juFSAOieiYNIJgqnuddAi4rFLJ/894qVRl6FTKkUy5sOHsEUUKMtQah5c2X5IhrQVFt4i6Mo6I6jQlZMyRy9R64pyLAd4lefA1DSDJKm0i3RHY7LAkzf7GLUVryy2uob9KcHa84LQ6uE2uA2LxDARqWZhgt6mceoic6IKIkdk5nRcGb4XU0IErMSnnrjNO2NFdHxASkEK0piC6VHOVWJKfLYMiEdsVexILSLa/IKAwBmCU9m4zLZBZahAxZbACmS4/FEoYiN014IIW2QFQNy1r3CCiMW1Z0mqeo4ZkD8cMdzTa+ahFjGWLXMapLlWIx992ze5nfCQQ2BUFP1BaBaYWxTZFYWxekGA5uiAHWMA4qK0xUE6ZgADZ5lWXjo46xUkqU8Oa0wgcWoKCIrrD8hqHAsJ7Yp2z2LGVfMwfuKhZQug5OnEBTyQNN3NECItwsycTNiRF7YllTGQSzTumWthjXeKDnp+8Gwxjkvvg2kdwkwFAZiAeIET6DdTRFR2lw2yy8GoMSDAMrUNAzCt4EyrRcVMgqC7jghZjWkA4ZLaxjb+hKmjhD1QGXkRV3y8ZWQQxE7I8TzFHoxuJMuwQai/MLYVBogZTjRlxhB9tx1PWJdmNqGWG4skqnPuKieSNbGOGUXTCqmk2+FKbGVr4slrP1P1KCWYdbjuh/ZRvfGoYQQN4JP4uuTy/EtKJ6OYlBiUvEjZS8naKQQXjcKHaDQFtjdJ3MShUAQogADUQsQU4WoADTwCJxvgIDTZwoCuiL1rMYRAKLjuvMqVAjrcQ1M7jBaMLycnuKEY4c2bdQJXVplWJOjNkaa+YB/ImB5IEbnhoiXi3qX8ArUvkqY5ZGJmLXMcuzhYPc/wCDhQii6wpqMsqtjKDZATAQYI1AM3cFjRxaAlGimIgKdyxyCzOjFO3lF6gBRDeA+YNw4tIwq2AA6EYw3F7l2VESrcBYCGNN3LkRaEQXUONrgEIh1wsMUaBhQeIi2OoDN46JZBLRGVjlwZntzAXESf2hMRKQLJe1dfsExeidDlnnUAAcY40Sr0YrVrZG03hiWN9QGjcuYobYIqkYFrGWihjTFrcR5jWDZEpSMpuCJZHTBMr17bhrHbNYoNAxxbVYXUEoG8Rp0m3ywal5IvyRVBtI7KZKRThAVH9i5n8nkBjF4uGQquKlNvNSbwlS5IiqSCHJ3giCR7diMZsLHhirvm5+6gWUjVnbEQT14cKBXRGoCA8RTLc1LxG2/wAJYg/UlWJZqD3AUYMERMmyYMqhHcFsA+3bLA6CKftiyPYZ7YJoQscoVW3h8Iq8lTZiNyRopUXWJZKLgfLOnJDBFsqM81Dm9xW6SoVipRRXD/XzCbIukWFOmZ5JTxEVUxIBcY67j/prhoOod2BCgoKJgFdTC8RcHfCCKfktVlHUmvE2dP0UJAqDqPKvHuRCG3mVZF9sAwNIUH9RwwxqhFyG5VJ1fAQomZeyiiCpyhcsFlAAaCawt6ldJnxwoZZdqx3waS/lqG2I3cYfMRNcAaAtQs+DAlW9TBKEaq+IgDY3NIq5VquVgJdiX/CoTaU1aSOgzcs9RX6QLI22UcjUMlygwZiFW6ykseMPmqBbFVGuFsIKRV+CCDqGsmn4TgIT1QmyUF8WWqLG1wZuGF5Ce/Q4ZqTZLoP2ZdcfRgWb48KBDkG4Z9fUyQiQT1DOZiqEul1HTCKhjixKUkSmZQZcP4xShlBqATp9BsdiW6j5PLBPcZt4H0qjEudgi9Hhyx1wLGDTDJc7oaJnGmOgsnojAr6K967i1tr/AMlSwifAMIts4KvMs/PoAZgVAeZSMmeLDy6Y7OLYqx1Td/oiBvELkbhobfMsxdH1AB8x7Hhb4AWx8NOF86xzj9TLMWZcwzHQENRMhGY2k0ZQwDyBHgtKUZp1AW1D6VoWFB8yhZfH6sXZ+dSpUCEJjA3zjb1BVZRtBqWwKWORcqvCaPJK0zbiLLM1LMBn6lTlUqJmCgO42oS+CLuVK+jXwcG1ZL1ofKCZl4fDwRRwoSMEfCwwJSzTSdjMgKv6lkOHMN8V9NSpoSpUrio78RHJjvg7r+IcK48QABp4UC2YDNmEA4a3hhIEEGmpcTX1DtfCvKP1hh8WLKKJkNzuh3mkYWqnrwgkDbgi9xZgS2hAPEr5iY+BPZLTo+hbo/xld5OAKA5Jc61ZTz7kVdsolEolEolH00SjxKPEo8SjxKJR4lHiUSiUSiUSjxKPEo8SjxxR4lHiUeJR457uW+Zbx//EACQRAQACAgICAgMBAQEAAAAAAAEAESExEEFRYSBxMIGhkUBQ/9oACAECAQE/EP8AzvbntxRslSpTPVxtgVwN1MN2iO1FGyArQT3Yo2QS0E9+JbcBcBPdiRauBixVPVwCsSR3kSmUz2p6ZtCuaZTxpBZ7c9v4EWl33EOyMFuVnRTsIX2iraxX6lVH9zHcPgXhFblzfBFoiDOOGcmXhIKRHcKLOFp4YbbDMILbitXgNu2CYL1PpgWoibIkcMfS4TPZwbONIzpJ4Ge2JmlZhzBw79QBRAbG3e+BKoR2p/dKAjw4eFYSorkL+jmbfvj96KoX4IFzB/GUGiUu+CXUc7IlXCJLVOpU+mf1z+yIgusxDY8LxrYrvNENoyxErDZAmZRWotzciG1LFlnUF3BqyS5QLxQ3ywleuMYH2mVWJWU4INkoU8UV7nsYeeXoESyEbN8dyZfdNH3PTTAEQdko6R8EHdQYZVeA5gcKzCJ6YqA1llJR8dsRDP6mdafJCB4llAgo4WWWVZe26ilnTUBZsWp7kU1EqOQxQlkEo/cGkjtMz+4iIwU08dGyephQohbuJeA5xsPxkHcZlUwHo8xFTLHCy4wBMb28ALdwFmN9UnmOJQ98fQoaN8MGkZfumBdzoMyhe5B8qsv5wFJLDS3hopiRkCJTHkIAIabI91LjAOmL1NjFiEd3DQ++AtCM0SIWMPDBlWJuDEeDgx7/AOFARJQWXAOn9k0MOP1FUEGIg8Ml74X887L7+P6OKMGOZOLsO4KF9DwSkt38zb8UwVRKhv5AgwttHUqVmXfiFiMEmAU7neYh/eHcjXUFLC0W1jwM7hqnDLRhSG4HvILHHdD59nxAAgwNnNPPwy5pLinZO9BLHYYhZO8piOyF7jwiAjAVEn7lx3BYPLM4NkGd99SjMd1G++Mz/TBQcK/l2TaLRNIwgVlhiPBWom340I1DoEIEgz0nBfDOCCL7gIsZWVd6NyuPzP7jjoQYgG5ZfxCMRlT6hAJmfk6YaLZDxDOtckrupuML7lEX8b7yRWSwEK9wNp4XCH1E0lK2M+oWZhp/VxtFlGOFlA2xuTqEotHi0dQJJ2cAS5Y8CDzLtvqCsIXqwbg1A2ajThFlfIKPWkV9S28TfZi9iRSD0sR0RVWsRaJREhVGKHnhluUzZmkOlxYSdkdMvb5YIcMIBcxXmQcQFhMHUoooQ8cnNw2yDWGHh/UT9pvXmJTDb44B2og3pJnHTFsxTHhXUTuAIAtZheuDS8pBqCUs2xlbZuAR4NCd8AFe7j/U4uf6EMCoxqSl3UdfAR4hGNwWEEJxmEOnxsCBRSGLgUnSShlkHqQkgyw2DbELWVwqfwIbGTFbWXC9Q0VKgaIWSGAh8jjsiqnwG0RmyBg7mDXTEpg5EdnGYPXBAgAvmNXhMmRCk36lHqbx4OHneQqagn3NtygvzwcHys9EzBwyWqI44tisU7go2QnELQZdR2cOhBlgnaYUwXZO+zwbrDKVTw8HDDZeUnWSgmPMsZFjr1EpDhWcbca8lomXsZc5Vl+ECiji4XHUMvBhhgTvHwzZcDqWyALI1aiJEjwcMYp6ThHY0cJmwQgGo8JpOxxtxryqnej8QtGmUtJLMjqIvR7dEWLbIguF5xLpKJ08MTaJ6oQdIdDZwnxpeo6Bk8DjtiUWOyG3BsgqaQb4oCVcwhEEuUSyARF1Bu8tVeCPjCLE/ZwuvqIYsU7ErmToisMR+DFO2VejxUrj+iBAE37EWFTbO0uXY8E1UZohzyuywfgrIWRMw1TCwgQEW5iZZgVKjoezgILbHTUZoR3ZFdp7gTUuSEWOvgwaRhuAmwhcE7S40hCLBzjOiDg7fiNSlEeEEtYoy8fUCKjkWPpmjBgGM2ZuFniUpM6cyUKRZheiaZc0MdLzAtlV8e0vOGahhSEdQ4glVg+bwc2Qu4X3EB/oitnZEpcGpGKn9xyQU+IEYK+6d6BmdTzP6yJsjwcd53FdRj9uNkvfEtIUEAA0/OpXNECK24gBDVR6JgLEASgekOQn9HCz4hGmWC+YEpwjECvQmElWL7hz34WZ/gjTCOlgqGLwYPmIB4/EUh5YPeZpBGOoBLNwRS4KYAVZbxdadTLh7l08Eo7lRDx7eHfFZaLw9ywOd3iog3fsjA00w7wau4Na4wfxYD4nsLh2cKgAVH0kdtMU6hcCCKWEqHIcsxGiWnglRP7uGiMUNIy5cWSZhwSjqKgRiq0xKVLKSz74PhZ8a8RnmUhkJoQPCwlI8M6SfZQEXUtvEucWRYYjcWmGvs5IVmoF064NAQq3LDAELzbLMBscF84jJo9zcqHKcHBrmtFnQyo8OOQACorZBWK9QiqVd3PqIiAg1dwuZfPuXi+DQn9c/sI7YQnzFF6hZqEODMw2sTTUqashI3MMxBSGW0pb8IAiqwLBKIQg84M2JB4GJ3B4WPUp04S1i6QNdygWxruoz90YlxQI7X3P7CO2KlHlKS5pbHURUTKOXg2aWQFdGDMj0xW/uCJWX8QCKrxQW7YLIM2RjBjsmncxge0R2o3BNDxQjaUald469cUWRzGOxJ/VDZLmBiWVFUekgqBCLzLQs02COZYr9RVLUbILyLmP6QiXFBFRLS3iCs24vW65unjghUG0Ms8kp4lDjdAh6hFa8uhCVejKljtffCAHcQDiZFjarNkJlcvDqM0EN5QCAdt9wRNALIM+y5RKWIC/cFspdwLhqO9qBXByS5RzZ4lMLDM+Ii5Crt+SoeAd89/9RALHs8yr7PBSKPaVKmoLaz0MVksuhqHE3FhzwcChWIswAi1NYSjwJgB8RUIzY7Jowr8nn8H1jMM6b74Ai/MuABRHqrlRTKlov9IIkdg9QWeGaeJmUVuG4uhuVlGKqsJPQ3MATgFlGuHU2+e4/bihxKts+6WahLTcQ2fCqAqADPM/uIB9xVYinqKCYYSDNR2H1KknaRi0OCm34JUB24jVRQ5dfMCtEHbfI1L+GMGXByx8GK29xUjEVvF5PENnqVMyy76cBU7hCjEXj5WcmnIfFFRDP4sgeDUJdETcFKckqslqIwUpBE9Moan60FGyVhM/gxT3xp82+kAUcV+E2pntwpAM9hP7eSKhg2DLSkvMOl0m5kBwfhoVEyMq+S7LDGOV/BcqUFsVrEu7lvLwMKrfqXGwEWu4GmYqP4laIO/gJYh7b4fmmOd8aMczVkssoOwBOn5aDuAxdMp8McfiC0JUFS6arh/pA0/EmOKvnZNP+MqahXA3cBR2/CpUMQcQ8rcGB/FcZ1KjXZDM8FQPxV8Fpgh1f7iVtfhfPQQ7UiwuAYs/i4ng0kfy9vx0HqdLhqMBmBDQnngFaI7OMNc4QMsPtMT7Ov8AqBs+NBHULasuyg1CtC57kYFoQMzcFK8Bc7aZZUMQHH4VIX/CbfjR7DgsLqMp8LfMt8/nt8y3zLfMt8y3zLfMt8y3zLfMt8y3zLfMt8y3zLfMt8y3zLfMt8y3zLfMt8y3i3zLfPP/xAAsEAEAAgEEAgEEAgMBAQEBAQABABEhEDFBUWFxIIGRobEwwdHw8UDhUGBw/9oACAEBAAE/EP8A1N/7Gk6txvzyGwXnkZNqsbNM7yGhZasdPBjCH5gEXsFBr4D406Pl4D//AF0FqjbdE3P2j/M/4h/mf8w/zD/CT/Mp9zkO8r1K9T1lepXqV6lTiYJ+SlYf7h+5/oH9wZf+p7jKakVg0mlwmaC6I1P9A/uHW/R/yTA+VAEGoSh/uH7lsaUXCvUCcR0jYKAunRSiQY3AWoAnrK9Sp2TWN5/xD/M/4h/mf8w/zHK9IP8AMTOh6a/zCuWcoX96aIhvozpURtlQ/S6qxFpqL+Um3/6nmf6B/cXGgugBK9QWBsLakf2mnQVRAU2ZSiSvUr1K9QqgG7BAXXP/ANIHt/oeZ/oH9xIV/wBDzB/XUTcicVv8L8Ekr1K9SvUr1BvRENTgi/lIsWHfwjTp0Me2f8kINsE+RmyBzwnDaCjY0ytMHTFbp6zOUnsiC0fZljdnwS7FfLUuPQwrOb5dW7wV7N09aPEj6Z2HbGYtL0UacyoVMhYnS/8AY6qdhhukYgIWmfJaL1am4ddxA/mDBA0QlJZK5HJi2Dl6tUHmgWnUNmwP30BE3aJaTkYZsjK4X5aDTDJNvXJnTErQ/IIgBQYVe+gK0FsCUv8AdhMR551TFfiL+FQQ9y4Q9pEZWLRKPEQoIwuKXeCvgfKvv6llwA/JLh6KPiXCGpjOSGRTm4SD2OWRTDVCtie1LUlYdHPMvuxQqtJr9TSUR7WniAI0rByMRi0LF7V6OZus2WB8UDByGqAcrQ0FDxPDp/MwjsymeIKw09HF+dX9ewXKcAWsPlWwgtCBQEYGkFEfiIYwS0tGm7LnI9EtZXysILRIlwSB4sLu4xBofsruCJY6WRBgqddeGOqSQKjvsi6uAu6yk4gjBWJqdVMKQlmZ0hfJknXXpg9g/C54ZZwLAa7YJVeGtoVKHBFoirCigjN3ZHejuTc3cvRBAoEpDmoKD40ah3tDCuXNaZnxLV1UZwyCZCx8ODRgDrVj/s21oroV/aCfjGn4v96qpVCIuc5dsFqfYSxMoXwLqKEuo5V1nR8FsiaIyUCh+JEp3sumGjzESx1umA2YnrCAKZbnqY2MD+ijU3Knc9ghYr2cnwIQx0lzIgu8I2XjcEBUv9VP9rG7KFZ30VGRBe8oLQBo0ItxkB4CZ/A2dT6kQKb5tJAO93Q0FrFtWWa19lENCblZ6IdA2ZoljHdN0PWhV3UhIkm5n38O1iUx8VFJ7IHZsvXKWEVJl/SxUtM/SB7AzY9ae5AfnW7rQTpxHgiqqtro+tJoIXRYXqPCAiK7+Zhp0NwwS/uselnqPJaIbqcrVajDIK38xCDpoKiIa2nuIgpNM/Ofo1zp2H9MKQgY8S7Q4VOT5i/gtEdGB3Cr6pi5acsOGjQ0mzBajEGIU+tndHuwEPD7417jOL7w6Iq7w1Oa1KY6icnSksQXavjQ9AB3A3Jh6xETatuioIoAbYDQxnaHLpjRCya+t8dBhcCI53V6Gpt0H0ShjFNAI9SjtoLSVtgSzVoURV4jbfIyg+BPSWV0+REkC9YjD0CEVeIt6zdxuXZhv65OTW6n70D7L9GtnZzf7J/xo79RCiviOJVB+RNoI9RlgdSFGjfTCYw9BL0M9uWZUX7nlPZ03waaXy7EKWFu/AldiFgbl6XYeQwyuQ0Kny3PZFJW5jRbzF16MDQAl7wXGfcKJcI4HRGBsH6My0LfSDQfhRDE+pF+yAehioFFLtahargojPmHC8VmQgiYdACC3I1Wv2Ua1vXFTc6KjUn7NYzZzSbCgKNHioEvl1xRahXzvcsOcLGfYEJAAcHxWo2iApLIKE8WzMqcm7Bo/RbUmpEMaFISxhbBncwLl5+hrWZbs+joLEiUpr+MhlPLf1QKl5qAQ25P0m4v0xFmXvZGH00EgFvK9S8VH0fvWGyfAaoIp023jLSp6JmoXbR7yQrErGbK2SuSvOWb3xI0l4WZsKlHSpylw6kdBX8LhQB0lx76uP8AEyXRftUpB3wwFt4AVQQSYNIrHK1KKcYI7sC0JZNwRqgMudrm/ECBKIytUWnFcvRBolHwR8BLzd0vUTy4vwYZ3HIjKB6U3lm3Uv2qdkUs538MuK4dRzEYbb+wDXZN1+Wozfv7QBw3lLcm821BYxBG41851pYOgwbckPphjUBFhHujhX2vhwnwsLxh0UqxywPIbPZEH/UGCDDotY+iFOiAr/w7Eyv38kbADZNwT0Ip2VCo/h0LmEp7Z3wtHQb+i4tphoRqnDZhYgBRBkLk6xPuMrFYlGBWqUBK2WNvWtsI0EIwxooeXQhBAeyUZ9VvLB7jTlZce0semHDSVpkz1iQYfHqpRsg+o1Pcr+meRmyFOYPuKsH6IemIhATYTURCoslV4iJa+kqWhAZOyw9w/wAMHcEYX1IbyvFz2I0fedgB/wCUUbGFygE83jKjBxYizUIuGI2bREUZymH0m8FghLnGwDW0bsWy6vhvBclcH5Etlsev6O2Xj9HUYaREC1qbvd8TaGx4DB9VJxuNS2vAh++CGaI424ddrq/lv1wxTv8AFQE9oSt8kECEb0T/AI8pf6Zwu+CUGot+FB8VJ3yxsvbTyhIamX/1QKNjACkjMznzIJeb4eZbSxHucwz7IulAG7DF26sAOQfQ0uCHUVQ+zotCy3Dmo0fIBDj26IfS8VLBLMKfJBOjmOVDsi92ATR8bIRnd1TogG43KX5DKYEHUmlrL0RlHzin3nEaQ8lfBEI0xY+mZ1M30P4H4Lb8Mh1tmr3AnOYoAAoP/ajZKHUNncYhmy+C4ogiplFpboxFGPL7ymGvwmI+7uNLW2TcCjS7DWBMqMzh8CWOZfQITGyDhIyFGBlALcsva6bxnZGkbYX5gkvKzyQBaxOvdX8AiGeSXSvxS9UC7NVFeYA3cuCODDkKPMXU+D1UBXadExxy8a52Yr/+A9xDaB+4zep2o1pUqvLlja+joXID1G69QvpMHvZ9tBFbrWU0y0fESyYmPChjtxBVBcagX7YAwE7Z5Jd0P4oglJZBBO8jRXQ7OipZGXNngTdmpz8FnREgAWrG/Prt8Ep69vK//hO7IGwFJEJu4ux4ZSitoS7x0rAOcqp3pWnak1DbwoqT6linaMaOPjIXbX1GsLs6QY25IAnDXxoEBy6ti8Z2qPKuF2rxs/A8KGzDhermOCqXFt8kMSvdjs96D4MUBVoIzYXFKJAH3/jBdVMM3kWv/Qd2QSfTyphS3bJM3A6Cl2VM+hlWkJ9G++vSpvUak360SztK8zr9eG3U3yuq57KWisdQr73+nQRspBgrhguJ21yW8N9FQCMt2G8OI3loNkAJSTeeOybddmljbbeMHrO/Iv4Mw+p+Ny2P8/8ApbxQAdYlANat6jCWu5KiN8L8wWG13EN3Qk2lkvQeZVeyFnSBNGDZaAr/AITANgniB2x1Z4JOgC5dvohXoM5ySpGQ+aATdg/MrNUo6NrqsA5p9vwey5bQEiJDWC8agQLGXQ5MhxBWO4gmIaiqwIwVovXZBHLAOvOF/AlN5+CAKPi7thYYXC/wgQM4aMGaSoSB/LcMilbKCGsGR0uibqXdYmAd495z+stls+0cRu8YZHBoyVVGfdNxBUXzrsmS5ELoKNDS4JzU2gUOmKXuJCI2A02uqcybjA2yPcGGzBXCNEOkNjRDa9icSx0teBTGbVG7xqTrCeQ1emnM2LrSbBLouNOXo+bNb8EQPcPyN/lREd1P4ncHb+aDTZAQzWPDHG2WWiONzHLEVkrbbYQAljoYYopGAzdl5NXh4jZtlZxCG0YFUc3A79vLrYGwZ0ULzHZmH8sqUwoPwU0TEDErDZdyUY0jJ4EpvcHZrtw5zXZnR9ERPAdMOqEl2+gByjt86zLweX+DKGIggEbHRIE2L8TeXAAQXCVsmz8ErWHa1MMjoCoZN/YNX/A3imOZBaiVbKPQhtWJTKF5/QuiOO1gs9UHCSy+n7R3Z9xuI11FKIGCme4bGv6EHnDg13+cREisse6W5KQIYLWeuEL6DViQKtfOIRRTxEMURLho52gKeXBKtTWMNDgUOnUlbykIzCGruLmxjV71e5ZohBmryqABpWL+C09CD/gC+8Fh7iWo6BK5VW3X3BEEbNce3wMvw15h2I5fQtC33YOtr/bBA1AQHUJcBDY/gAqxCPfVY8aDUOmIijo2GwyuRsiIgj8B5AY8RF+FcW1tD9LXRaFj/lzXU+OKERW8r/Rq2SD8SwvRHF2Sn8SbMERESUSrh13cdMqNrQdV1TGTOcBzgWeZGXO4VRFGCQxZ29EKbl14Brh8BwdP5/hJ0c7opbV+4iPWB8mgEDLkIJPIX7xZDB5nal0aADlYg/SV90Zx/wCktjwn3tvzKGI+EInY+ihhV0bH6Q0ADYP4WBj4LRaQmXEPaaJb6hp6EmMM+lEdyEU71LUW9VBA7Zb7MbELDt4tdvn2BB9AaKArEx0SL5a/RqAudz9TUm1t+0AHIZ0Q68CpuZQC2I2MI2S3MIXoLmyJH5o1oQHJfZBBUbRudL9CbLQVrvDxqDnBEL93f8JctRGkskciXPEfewm3QY6NLcorB7jpvTnpG9lxUq3kD2eKvUQ8ADohCLAeDmOC/VPoQ8n+kogAAKILJY7J/Fz0kw2qD2aIJEWA3gm4xDcOSCjZDyINkntdcZAaeGc4J/oIbfYWh9MT6xGUCoY+KCArlAYPb3omCbMV+Bp+V/Rq6gtvDxfwpOyL0UQQDfQU7MN4RY0GSGnTH6sNKHK6ILcFjE5w6lx+Aa17qoQHB/DV3wwpkk79mzpGwrb2kb60ZIaCMB+ibGXN3YSQ0GvaE5M4DKzJX3mcXu+fInClvoBLaHRywHHG1Slntqld1dxAE2f4almD5stm1QbrdUfiYhGNbaWVK44YaSz5v/2lg2sEZVY9zeKRsNpa6fkf0fCLCQtDmLJTZEbJH21gnhhAbJelbrYpDv1GCCkqZ3GGzT6zdH2Wh+WAQjuNS5kgwdRQ6z/AJutFXqRW/wDpUGOZ481BOB12RK8q3sRqLgNDRmLuDmKqSZfxXTHzoFM0Qmxr1QERhi169lCgt/oILeDPGRgmEI/M9/4hT8EBMD9hASCOyaBbGQB7ICXryjridCyIm5ornejKYFoBYssiFAsyCeZlBTzsUhTojtFIFjr00S3Z7D/o+NTmMKAwARJ5uOhi5BpJerHripoKZb0jN5ZSbIQh6wtrVeZrRU0F/SSgMBYiaFlNAtnuWGglJ+EFD/pWmIafIJcejinmKNj95aZd0RhLNM6h2s+9KCg6HZ3Ge/eXT1qND4Y4jjwAb1CfK23rreOM5/FRXhjVyrB9Yjb6+oBEGGtVCIJHFs9hWqzmc8KmDXY9ww2vQGlEWKBa0QOl38EcArbzzKVFAi+7BwGkDhofGJAca8LdP5LX8HpcQqfSVexs0N33TU/YmaaLrqUFR32FMCE2wiZ0gT8GeKFk7xULFbZd3BDR6BqRQ1IyqPsIg3rXoN/ixVJIQlkDshSSy20q+4o4NJ9Rik9+qN5XJtORb+rVZc38SC6iL1HdQahj8h/hVMOob0dDKlKaBILD6aKj4C34KiLD2t6o2mtxAIzdIAFEqbLHMUcD4zoUBDuFocHzc8wUmwxp4jWj9aJi0ufbXsmFMrItnj5ytW7aNxHT9TFPmEWhlqoKMKL1BYeYoGYIV7EI/tEoNNsaD1T5MhnA4ERWU1+owsGiPpB69PTKqO0OEhBFQsbEK4fmKPv6y0aAPBDj30oHcou/RX8TyxEJSmh9JXH8gMrKDslRd/UCX6h1ONEG7Bmr4uBUWl6W8eJY2VAaI1XLv2QyYHxwqSdoUXBFdiotFnXuI+NLK1LUsQELdFLmNfjgYIAARzm6CePhreJgdIopM1BQJettMBZEWXjqQe2UWwQy1pc6B+ahiRUjKPr0RukkgVJiP5wgjXAkIc1lfCgEHCaENYEZeek37NnQe9cdZ11qvk7k85BM/Hwbx8oNx0PLTK7BNuYwUTY16YFNiKb/AH5nnfbE9yOIE8ErFetDsrvWcEACj5HxL/VqbVq0EABOaCEMYZ9zHS0StVy+N0vqggoPGtqqXCJaTZqgWitlHrlU7zr1Fp9Ch/gAAKkYyRneykbxuECXtMUQhCDr3btCGywy9rV8Nph62oXMZPDBaOyLWXaPk2S8J8WLIiP0XB4ij5SBmV1ep9hlrS8wc+ZVxCsF9Ou7MTgi+78Bw7BVb8IGCPgqm11Coun8jPKi1RCCh/XV/NlDtjZ2pdC9sRNtsyKyOhwT6Eoburp6U38rT5+bElB8aLQsXmK/aOm6Geb6v4UQCO5DWtz/AHkXvtvbkYLM8jqAYXILv25rtQAGyXou9in0gBcJ/bQ1fHwIiw3toH4uiXT3ZfzBuu0pwnmEBZPME/ojNFfTMWY7ym0R4VDE9ETnX6k6Czcz9GVW08zhQeJv1/cbYB8OA12uprFtB4AsAS3Gu01BABbHrtiMV4gXSX4gsdDBBSVq4UHrRozOB8VoWHzy8sBQGg9DFbPK1nj1y2e/yJQ3n46jbEl39B+Zx/RI3J9MVnq3x+4ggt0dfqA2UpSczAVtseVxLltrx5WTQnLEGPdHB6GtDm8fBUO1v6vA2Xq6HhGVJNnSXQhEczeEsICI0kus3DF3LD3RPZgMbT0Snt9E4A+kC0AfA41fhtfklMKiEZ2A4O5sC9s5PpkGHbNqQIcRQFZznk9IKBpl8Wr2YbHzaL0atuiJpy6HgTwuz7c/BiYO4mn2CS4j/TzxmVeMSZHN2rm0H6QA2ICMQeMnai+JWXsJetf7Y1OFwafTb8KgbBfe5M63Z0Wp9XIKtBqXTYLUKhofZOuO1G6Y9kMUU9kKsilIQUbImTqZS/fJyab/AIG2u34bX4l2ASxPY4jb30LwTbRB4JGILWDQXua23XciIqjbq8fxqB3Bto46P8BUeaQt7ymW7oLAAGwVqsHbsOIAleKAUMPOoTz82JklkB7JOodwIHYi/ejVdzlfHlA9vT4V3uT+pv7fNDp5agkLuQFtUieVwxX2IfmUA8aUI2XCj0tDBGzdjF2QSAxCdO8die6m74Gpx8NrqCbWCvbUZYPoiba+4vFveg1ioEzv41czYwdsTrKnjEdc5x8Uh+dWMmC/mD2yMX8CaMyve0tPI0a9pkzcGSQojPgI7J8kERLI+thYS9N3OgteqZY2zFt3n4IkypTswt/f2P6RAJyTJw8sdZ5fmJlOMIVyCF4RqxBKSyW/9exNQ1ShVMoi0Nnv4bfgKddrqaPe/wBXxaE7KlHN8lrOSK45VWKXtfh6Atc7X4qvZqA+h/Edp4+TbRwIIu9jDeNjek+xoh2AwRi79vRq8ENFXW797ol8PcWqdPBAoiSeksB/EgIoj3QMDAe1eglWJUZLF2g3EpvEEA/gl6Dqy4RYkyZVX5uFALDQwkxBomBMu37gRziSBCGBBiF7ITEXv3HfXJgR5fRoAtYkHGuZc0N7zq/glxRptdTbnf6oXF6KvglC2dghAt3u0AKADWOMI/VHbRaShe00UjdkcbWL9vx3e8NjT71+kw9Jrdo1XcAtlEbG5yMrghGz93PxyPv29p+fT8BPvJkoyr7/AC+2CKm13WIvCRPCQWVzPpJTZ9mBj5pJl3Pqe542Lg2WaA+6XHSkp/3rhFzbKSoQmSkEkX/1wnEwPuS4Th/piCsUFpkiqrmXbjF4RRJIhKVg5IcjFfauYaM+OTVYNjDhq/iJd3BGLzSpzv7nTqN/Gj4K40i68Nzsftm3z0TA+AqHpiCgbHARUodElC1Prugpezdgq/BBsH4bV5jt/BomqbDRaFjea6EzBQ/9aLoRU5BK/iq5vER47tabrMEh+ryzDx2D/grlci8lCwdw/aCRRfUf9gKRWVOnJHaIhd5y5pIvP/SJPECqluNqLiqQnuqWiKqiKavIXI0I/Sow7jXsm0sTihtHc0Ehs94ZRvGr5YSeAasAS+oIYJ2Gzo8QYxRTGVF7jWveVBE0GoN/xrGhuG+iWn9kx0dBYWvVdpuSYAr3uh4NUSlgB2p+BzdGfWRpn5H5jW67cSg+Jd16m+gLA3B+mQuYJjo8/FKJxOvY4I6Whb4z0Q3mDLmDsSWBdm8AUCJWEdU9zC8Cswp0InqsDK2eSCs3uFEaqJD+DLrmCbhg2jZWBulHQylgv/o3EslC6+wMN4UOheSBdmpyKfyhDwuklQ4Cj2toVHC5B0yRN17YAaWUmYKnQ/d9nphWZU3jLpmj/DqKQv8AwbsQ9wfDJj1ZZluqHO/mbWutDxcxia+Sn1GmHohr8jKczDuQmeT2+D6ewPpWjJ/7w1QDYcxSzogu8Fr6IpTCYd1AH10jwRzs9/I9F/FfIN+S6VyyKeCBSfC8VPdCLULj90IWAyZYbNmKt3chiASb2QUv4zmQBKFo9MrujLJkX0pAeDtleCL4PafjAISXtiw+mdWNFHGcMdvpZg4BwylXF8n/AIIHkWwT+GKh6NKtRMIv5DVKiqoG0v7kQmgiTYgThDZCGM2x6Qb+ApLwiwdVcI1RpLM/N0pbCwN4hl0as0Grv1C8JJ4QdRR16IK9SW7lo0RPsHKU7/AEhtTtX7dPZh+DRQFjP8bRqHdTfdCDCZC/ZlBvOluGF7P4Fs0OeoychvDfoUxc7UuWEwEBy5jugIoA2GH2oxyC+c4hKBABgAnswwvpFQdsULmH2jGfzVlwASN5QNghE79eOV2xX7YD+woFvioN1EAuWEDZa9uwy54CwjJYJP3gomOzUCIlkxT3HUIpYZaSAelOS9yKNdrQWrEpjdgv0ZdRbmlyuB8za6uO9/p0sGLbehw81WIyx4gR1eYq+hDXqzzoy/02OY3ZLfgL7ZGEN1GCLwP3h96ho9HfCZRu5YHCDYorNXvpl0YedLL5f4oMaxB+sTJi78hjA2GI7DIMRfmUkoAn0EJbxcvcYuDK8Ru+0NzdJQdpGkdRcjLcU3RCWPf/AGIZ6Hpr8zHHXiVg0Pf9YPqh9lMlPrEGPFVNvHnN4Ah+oAgQOqUHEF5giWONHIWJmOzLNaWE1aU1lgxFo20z1uSRPltdXeKyh4DB2fZYGB9aLwvXRKxD3ZQoIOiH4LbHXuj8LG/wIC55ldG7cDBG5NVp8J3ev1DMKpvR9pT02GQZ91ECg3YjWavpOj612sBt6PbMRoX3f4uQ6BcP30DhK4oN3uEwhUqd8LlrjLvi54UAwYRbAPqQuvX7RmPgzMJT5LQde20gAiQ3VPOZBSdRSjl/ZgLiIU2TFulP4bFTo4P1BB5JpYZe0VZhabV6ZVfgkE+kDo4jBh7A6B0mVqJoqO8RMhYF6Excp0TSBv4j3Gw/B8GiOoW/B6flR+HhH6N7aSivfRiBwpaznB1+pZ42CECHcv8AxmGeFiG5Qa2ol+hHzRIs8QgQR53KvtUJigr+NDeW8wfI6UALXDuLsqVuIOiO+l9wTtUGErnkr2NRFOa5c+kGC7lPzPBQTDiAlwmYTyn7sGwZdeHBKs/7LhiYB+o6YJdSzEDTokLNxiUZV6jLEAUmxEATXcmmhYph1eB1MEDA60ATxM3bDqoCuxMjvAyrF2gvGQPr8BX8D8HboL90fi4iZi4fiLiGVyGWFsSvvHuoXA2aWL03PoKYV8RGXJ2RgdlmEJ5he9oWKNi0EWlivliLE6kL6S15IqfyDGVtPcbZsiW69RNwRXlX7g4hCEAbEIlMuVRKBNFkE4yv0CWlrY9y/ZDQ7Y4DbbD5lKfWZMXcDVRi1vsSe2Ftgh9IC9/8oJ7nlF/MTk0eEhLDTZ1xFVV0dGP6g61P2GvpuhQLWgla7b3aLQx59ev6yn7ghRVahb8FRqL+lPEEe/8AKVMXy9c5JYPk/cqJlCEI3NPJBG5C9RdnP6hC5IDrzmfTUY2C3X7FSq8iW3fellTOSE8LvvAiCNjs/wAbEqLk8dTBG3xE6BL2VvmAQIEIT/Ow78k0LsicN8GYBFtwbsZCHsVj2sDg4g20W1t7fmMTOh9CAATic9o0GZwH3mPaAuZghKZ5oSbJIqlQhlz9mnqLemwCKrGd6sVyYTpE8afVDLJar45QFTEvxpjUCXABKWSAeEGoPKfrjNlQsJDoa+CvU34o+qhPd7+6OIzm9MwO9Cbv1+5xZriV7N68BwZeW1knlZFXdptMoBNR47+iDNL9xpggcxFYzg6JlvFa/kZcy46jWFkd5Q6JwkqBAhOBhLdMQSxhaSFQCfvyK2GgoNL9Q3082b+Er2j9jZ9IBSCMZFy0HTdDN5v0ddsxAabjh0iKEM1EHfTREdwTfWHRFXdlnxfAe6hEAAQXKFTKclVV0UAzwxwJ9iIrNQ31z+uO4hW3NUiXIWP8BQvNC6eiemkJctYPccOGUlTecvuqP7qbWyackGTnYedHoN1KY2U5HgQF6Bmc37TB1DKuwDMqzUSOGtFwtKpIJgn8T/IkqVKlQJWj5H8MmQ06IwHbHX2TO1yW8sqDwzFL3QrXnCSDue8p4qlhecZUzIUUI5V0HpUWEG4Ye4GtvWBG8RJb0tay0EpTilk6IIBGyALWIHWnbptdSWwX9WmcMlbebdw6rUW/h5xkVH0govHTBK4IQjdg+wltxAZtHI2RXV2wADYw3OSBXElJYlQG7iyKnBSCsbgwTLlW9jsFKFj3QXaOAg2pWvtDA2o0uX/FUqVKlakbNu0NQeO4fvZdo/1X9SoeIZpbFvdmWwFCxx3TaU4syQKr2X7iHGywSr1IMRAsg0qsYTMBdbEdXl1bExtoGoaF2tS1ZtGaVlBB10AWC0p3pjCRZT3ZcHlfiBt3vXxBKoCjR0Optw0p9NwSqRp0FGyFpbs+PmQnrTn4jTO4+faK1w0aeatXqXfJn5J5uC6ZgNXN5NAYdiOzwkQK1ovuHwMCRr7ARjDx1gQCwshKwcEpYD3OoOj70WMDD+d2cYDtjdHKmwy4dRRspKBholeBcd4Q4Vy8C/cNhbKv1nTVpCubrLack8iWjM6kOjHLog+0DRyqBbLMm6ehKV5eI1Aanf8Ak/XRGcEsDkYK3R7IH0qNviNxa2DwaIALVojBOC9QTG8j38HRWeERNAY42ihJhL+ZePOfoaF7al9YjNKzzABv+8XApkQxYswnM6luTUt4A+H6hEY3FPtAW4aF4eGI/dpFmdqwy+CKm3BJjeSEFr7YWakjEYo6afzuothzvqIYKMJWI98wK84qCbMwUDiFQEcMGhHYEWbGcyC196VsUvlhGbBpjuuahs/byzbooLf2kd/W7pbhYNsVA0Os5NNaERIzR01cvLlEqc6WBLVVqfeD4MwsSmWUVt2lTBesPd3+n53bso7Ts6kP+K2AWWFe45clL96BJbDm4BFdYGH3GBc+4QMNNLyxT3jcAkf1Nt2ksltvLVxFitfnHhAhuYdIBhtluYQsUC3eFP53zylHtTe69z50KkUZRde7aDYfUlCOJFutFlliK5J9mY566oPWDhI2N+5F8bCwcdMcLolEi/sQ2gA1L2KK7mO9afYhHSyD/DoMlpVHPthrbBEOGUwWRYxpRp2lvkN6opYsD/uj4lU8/wBIKNjMLB4zg/wXDtIKzssWuChb8MEuhda7zyJfJzJecaYaDNMPgUw3+2IjFJfphGkFSJOn3I5do35kwd72gX9XU2eHaAUQhD+dElAWsau/LJO7wv3oPMKNUWBnUTBmhaBuQV5yBdIn3aP1GWk9vWm/4Gr+w2zC9q3bgIAAERWQGFNnzAAA0eHYjb2hYIiNo6JKdSnUxFsH3hN2DRTsG9933n5H9HwUIG1gjGY5ItPZBpE4ZYreKSiUSiURbMkivgEVH3K8s3lWYrX3eYx2WsVNwvdskuEMRgbUSviiZhzcVU7qGmvrTLe1gSuRZfEuEWV4dILo9ypghCGlcgLWCAi2gq6WGUT4sDElyy1BwP8AwZptl2kMhUXHVZJp5JUFzek+pKw7q0yJ1mOg8h9DH4kR3yCn0JTrAB6GjEb/AIcR2B4gFB7y6WvLMk4NAhVyYBFBqIftR1fZvU8uvoC/aCJeOA0kS5XbSIx7fo1bqXd4CGNRS+yMtWxpC/aPjQV6Ya3TbgQoq1gfeIUFZeZScz/NUIneP44dTAuXAObJA0Ny+pjmY+iTzKgrYbhgoffk+vydMbZ2Ez4fvC+AOYQxAhqfZ5Lpvs6LKgnsVXogytdGk7CfNxrNQ/ZgMTrW6uhoNXNQOWExuEECLXubpu4jB22YkP8AHHZl/fbdUrRI8IPewyBcVsYrpD1iJc3jUXviV0KO8BQ1Q4H9iZi2VtudpCllagm7EVXawHc8kBXdi6sd9U/Djr2P0a8RvyAa0UWOZ98mm+On4BGIjtycsFsJjwBBsMq7EoH8PMthecjpsbX1CC12n6iMv5PTUg+j9EDOzB8+ZhUz0vpl/CEEEFKt2jN2VkpVQoQIQ+GVwHrzOuTdbmhtqAWpQCoo4HywfjSDZNafwNAUBuw+dlRY7Ej7htsIRn7SeV4lxNgMGA3yh2y6BLAEqMNF5a2am88mhVqcEBVo4YEEBqsS2Sc4pr6Mmfr6i9Yl8rKB4R17H6NS5K39kl3eNBINqdfrb0XhLnKE7Xku2AbwGwgyO+HgQUjyv4JYjH2WHVehb3B9bASXG5xpLIw2gSIl2zFQ1eomQHZBhl3qSm8MCBAgfLziaVcEfULqU8dnl+TMW8cqjTcq21HAGVqCOLynpHJ8l/UQzesRZ2tS/oq4jKM5CEA9iB4Y/dM7w2m8s0z0y1zc1ENxNL+s6AuxDbSjvCAxKknnn4JEH9JYW+SIIEdBGV/eAgACgh/DqPZXq/nQ9AEdWwb+DUFc3+8pblETPfo8krFrBpvRW2OIRGFVrKU7uXS3Ng3YBrBLYKVZWXAeFFkAMG5xCsW4kUfEbtY/DphEZ5Cr7ISqbpMnpgFHMMi6DTUTnZ9hWCVzHL58MKSV8d/Ye4ivQizdfwPCS5FOUHLtrMAglIwYi5JZPH2R0UF4X7Q4sPuoPcor8GAN4YidxBMSyq0VWWP1wTey9R9aL8sqt0TKr2EAPgVIASy5lVVbdNvrggQG8BwKjSn+TPEy7A0RYhAjUaroIAT8r+jUe1f7S4Pho6kUC1gBa3llku9MZSguPvi6HRGItC54Bz5hoADW2D1O7FG6g1Dz8QXeGFLVQUOnDANKMVmHoxn9kUQDHFT7qHSeTc5EIhjQv9MCPYtofCy94i4w273cyhV6ofmLU+4ouMnxnwYcbwyGxojlw06gPNg+qQeCZfSTwkljVqDBPWOmAjySy1LIvuCR8PwFvwfEHQAcssvEotLi4EPlmupmBuwkevncISqAIr48+kP7wdKAGw6XN2H+jUd8E+oIaHwaeO43qh0aWp6cqsDKSg25YVqAikmOXqH3QGoVP8MN1u5h6nRb+lyp7zJbGyKermGzC+0hBa+zphMtkm67N7jL3BlW/k50Pdy+wgggvDBc+AsduDtvwI+7CbVVLSVlH7PKsBE0BOQfkPqjUZkv6eEABQFGqCQSUy6mSWVkl+J2CEtlIeiyV/LVxIezDuKT4xMUKU2SE5lUD7Jrlje0VqtdWQ2zfWIGyA2RAG/vwWm+kuweixKngXjU8oSXElsJCQvW7sDmA+KYtYhoxm4jBP4dCZ5IbjhqOe7B4+hqKPNt9jUjFpMgdpT3N4IfYxjLIrDKwAAqsUG/KlImGgkoSsptWZhtourfPBK1fFxK0I8EGoGZ4VBPZJGdps/2SxApWBYYHZD5GoNF4hsdw9sTbRhd3Bo7WfxD7T0o8YSl0lWhzvRU4Azghf2/APbZbjtAcopQVVgtZxMvWW0bKAQxNt3t1BUCbSMfEq6SqdEA/cYdMemHllUXnwfYl26UFtS91FPKCV41lRyQ0MHHMMYLs4YbQPrP+rLclPcQLfWiuODEp6Gr+ioh4w7Hzp/Y0ykSjNcLx61Qj/8AWJe8KP2a70BYTYR2K0aplhBtNSGgUaXRf5dd+yK7mKYrW3AaywCyoN/bB5APgJwdJEnC/wDHh/KSuOJeoSFUBD7FvIEb/YvwzdoYC9uQltuF8ftJiqPZlx5ZWX3zceDS+ojg6m39fUdSBuofQglgWrgnTPlr6JTjVumVl+Df9fACjEAB8WDBMqoi84LCIHo82yGgANgiWJFuwq/1GRi2dn1KhcK+nhk9C7jONJ1XnMEAjZoIoFYGY8K8/fDwAOD+DGS8H6SxBYZRC9QisGz6YIgmnDCFXmEohbqJcqIRdgivAmj0TONgygNQtCBz9W+3RQFYtdy1DiJPL0WhpfuwQAA2JTpSc+Yoou9iJTlZTuW4xEronGBkRvI+d8D9wKe63P2MrtOaFG2LySIWYY1nd32hfVI+4infK6MoWI9scP2LLdf8tBuMivZgWq0zK43LvjvAwJ7BKMwS9+Le60YMd2Bg+CF2hL5f+6WA7TchAzBsHwLuTSMB5IxuO2FJ4MO4Hslzc9wnAdhlGdwGSl32Ak5qe0mwPbF4E8aHOzL+MERhKYbSZ1zN/jgW6LujI97fExDwkerRNJHyQ45kvCaOqxNLKL0Tn/fsQqcGrlLneITGNUIOSJ94Mt42QzCebq5h8+BQ+SgchOIqqKby4Twws2HZ2Yr7U46KAq0E23PUWCCoU8QCOE0zObwGZz7fa9NA/itWKlx4IrDqC50xUJslwA08naCawfDeqnbi/ZtnynlgY4+SCIlkfkoxyyxXlgS5B7DgmOCOPtjimt/KP53N29EYLXdrv6Qu6BQy14sNP5P5ryWfwQfhLO47Deap1G3sLH52AuM12nXfsSxu70SwJK271601khQ/QgIC2+Bq95j+xGpVOV+Jvg7kckKWdIzejbdmpdCqQX0Cw8vmX7nVJDMQBRySn+feo2RevUEpsW+3liUcr9mEWPliifKePTB1Dtbuh1xWrLDaIEEFWxUBmlXKcK8BXkgoADVANcsTN23+snM07Kv8KALGUfaivGfzogI0wYO8S4WFb2D/AMBoWJTCZ024ukYHZcUam/g2X8TePB6J2VB7qHrLZ8EVPQNaVWfyNFoWZTCTwQxF7i2pRPGh21mYmtsDFm8RGuY/amxywYIdw4JAtbyJZxWDn1JWOrYbxtZmSu8VK28QFPdVqZVLAY+5A+yFrt0B7YLLNwCN0IljkgWu43W3csrt5oUADYNDpxclH4PtCn7Aaoxo6AVzcuI3Ol8IN1iheyuJILfopCgAbB/GgiMMoyDwwJseSNhOSsD2xd90B/qGz3XhJegX/gocbj8yt4lJoKIjTKRslfD29/7q0S6rLg6Ijdh3RnjdekY3gCMhkplTm36ZTF6px30+rT7aqocgajrGV8sAAUESmVG68iU/Wlz6XMXvUyvoImV/jG+qrvAgQTGutHKoCscjYdQbbOULTOZGMKxs3EHgSwG/sLqPUCZYoW29FJYeUHcShmwUaF/jhOWGQAXRpj/O7KuUSKt1IUiut/krxwZXf7gbkcJdbpYw4Ifl0AayAcjJ5j6wVZ87FfePDVPuA7XJvK6CHOL7KjlS6QgQ2njALBPH8NlieHSIJDfUoYAwCqmfawegNXG7fp1HIbbUMlQFBPyCNUrGoARldbfo0pv3VMwZI43iCWiOtJeXVyLXQy2eBb9WOVXMukSGFJau0Xl0QKZ5d2gRq2DgjJrowbCVIXdusRUPbX+USaP2D+mCYSoAriMXyh/3DKgUBr68Y3gQGW4oHmBVAS1hCuxCWyhW+ao9szvctKl8ppUDpJl46IoTKBG1sBH3/FZnhHusQs2JxFb8lse4wCqNnEdzk1FgQYG9iiX0714O2V5nE/IixajYQkzf2dQb/QPNxon+gFkRX2pcZHVsj7Wlcevsxz+fE/wC37ANoibkpl7fo13lV/XoAdWWH57e2ACICqg2AGgVG+gT6yWyVpCbqhO9dkt0Eb5fq6YoixLRVW7zAzKOWUoqqlGB7BqgwQbOlWVASWJY6k9kChvX/wBDDt85Kyb0H0g3ttR9mjDcGLkxKDhMUgJipOjSNX7ZsVCCVyPv/CLg25z7yIjO+Gt28DUorSEKymCNdkchsHRCH8JfMi9jMyxxv96ZaoZEdmI6Vg/u+dBHbmNQ2cwTgTOvL9Go9q/2gU7Wdre7rvrcGHZDkIGki5VUVBlEaF1APvOnSihdJmRlCncnM/gwV6DFaDmPlja7ZS+wQaw/bH+AvLCKVs5eTRmnpGY5oOD6I4mTU7v/AKmYbvbP2ZSzApIm/LybYisYla5NmHYS+MEZmnYjyxZISHem2k7IqbYE+vzNHt5vd7WHRErbvOX4FVhm9uK/kpTra8OmGKn+UjLGhk8P8AG0h/cz2U1494+87ibwFGq9/SbGE2tt4nhrSoTYkWuoUfXQURNxhFc4OgIFiUyimVWMDAAy3383tAMUg8xEgAAGwfxBfjmKIqFrlwy73OUnwFSTecQqGgp+sUVwCEKbDRmmvd8COXdshK88QFuVYBurjqV2wMozVP8Ac+RePbHHkxaG6eCL3cbm6gQDx/4t6erD9xL0Z8uz5x5+DEqMt2HQ2XaDQaiA8QFmg46zndoFVHPUx/IGUtotCzbhNF+TcgeUPQXjB5Pjj4XRRwLGzXc7xzKJdyTeGMQurcq6Gx4x49wLlmFk9FSqgmgOo2r0EA12/wAaJ1vwzZtNSo1hZ8AikHhluEm1+weIEUP/ACIBEwy2AXJijR4J8stRSNuXuPxfib/9ACIx9xD7pgvVPhG2q0QQ7GLWrvEuG+MbAo+oTCxLNPH9eGCfSgkQBI9tIIwXOJR1r7Ds7kWX75IkW1DtwR8xaBIZWhv2lO0ibnT8AtsKSZ5lUY2W1tmUw2by5Utja7tBcfUHkLl/JhUrZ5Y9jhxekG7xkLpsI4ZSZPhHYgqNZlnSoCsL8end8QCbZfL5QeMAoD4FNjw+f/EG30/cVLMeohyeAbxg97W4tTnxa6pbPg70UHDh9dDaBIdhzgetN0MupxFTbRi+nYQeiO51rTMOZTNap/EjyfE4tDYm8csKMrKTe3QSqyrGorSxYaSssKUx1aUQqoBR+ssFrscPwPDJE1kjtcUi2a7RSjwnHxvBA5ZuUBt6xTFLyv8A4TqbOBtwE1MomWbnm4LsJuj9EG2+6jOklah2+A0oiZ3+tU4XmMhYljBmDMWDFCNm5ULocxueDDgHlejrMcp+oNtBQfxpZUE+Dh1QRGWrBIM2aF24l0ORbMEZTKaUbkCB7gxG871UCII2M9BzCaAmxDQUB8EGBKzCe144QSll2HxbP6O4ZRNh4KP/AAYaV25M3Cq/aldltbLWonknRamugmVYZvOFLm9lwbBJ4CUGuz4CzQmNkjU9m7JBHTaWBRoTmqxyGY/m/Emo97IEgqtUpNyOntLf5QFMFS5amIsdkN5KBdoPYFATrZVIIgnMQnkSzOq0j0tMjG5xEA3ZAoD4Px8XbLF0u0IHQOCbSsxALvsPPwsQp1AACg/8Djs7+2ZAzfYPWgeVH3hZoUvRKAPo2QQMDrRLlUw2+Uvg5dLEeSbQttUqVxAiEpNmXKxZ86tzvT1HKpdjpvRG6x/O0W/DHe5uaERdqY+LodDJHClgtg+wjF3HHC2VPchjs4tQdAAnh1HwEcLZK9wbyWDQag0bfg/lBLY0QRBNn4h2AtWX9E1svpBIQ5eXXzQ4LgL7Bg38MeF9kziz6GIv8ImLR8CVPxoZVlh1n06UsRzlycGDvoW4lMm4y/FdsofqwYdjUBPP8okGNpjjTDeWLyjaLxGWNqaoWQPCori2+XF77FDXxILLE8TQ6wFqw662Jseo4S87MV+NUNmx6YUB3D+PbOZlmSihwJYez8AChApIt83mwGwCgJTX3GBIR2wEGo87aWXzV6CUVU4wlNJ9ykiC3FXsfo/jolCJSRtQqZaBFX0hmhG5ABfC86uHSFm6s68T4JGN8oJfJL/konpQln7bbgQeqFhYGXYhnBD7SDyWv4Bcr3u7GFDoz6CPiLdTfsgSAGP/ABNn1Bm+mCSnXHXcescrMVe/o8sEADRcuXOQAlFAjHndwRm2/j44S++0UZst+j5R8oQ3cWiK2OIIFeGL0JVGjpKkUnhxngm0IAl6pZGWbN+jpeiz+Ibrdtm8RCh1MrhhTzMR7ShHElmv2EuXLsNJkRr3v7bHyL9/gg1BOmAA0GFsk2hgPzslkpKSvz4XYfqQINAlxsno5WBP60fJUmWX2VxpZP20FoElmu3UpaylTHeGgdfRIqxBbpW4HzhSE0lJWMg1SBE8ab6C31CcLEiFsjAWqj5E2TteJREgnuOzKxv/ALn94f8A3BT70/ynGfK391EqToNQIsfnyLgPpidh5fSKbcg949EI0iJYx11Pn1FzcybOYBnbsvzQ0KFJSOzZCKreSDvPBGn2j5YuXLly5cuXL0AoXokWCVUwfQ8uly/gL7vIE/O/qz8KX27BhBdwAan80+EjuMCrB3YVKB2ZdEhuQepul/AUrBTN7R/VBo+34GUY8kuUP3OYf556GXLl6GryMClu8EuwpIbc+MDhnJ5oNXiNhuQqFG4pvJFXHNeHwalpfSk7e4lTdeouXLly/hfxvS409k2+K5cuLvpENbwv9Q21Bxg+IKXOC4gAUR/wP8OyJ7n7z/rT0RBvEn6dvKUpiRmK7ly5etw0H95PG6ly/gyvn5IXddXT4YIgjY6+b0a6G4ek3GD1zUcLgy5kHxiwS5cuIN2YN9xld+TLly5f8QAuXLlzNm6j5AuXLlx+rUivYwFaIItbA6rrMtC/ERijPvBz7RKF6i+APxQxZKdFQ3yy9HkK+HDlN3R6jvvuxXf7kzI35Tb/ALqbWnvMCGq1UpjCmw6XLly5ehW87wfhcuXLECl8mQ/61qjYjFy5cCrvhma4FDurRHUujqJa0S5bDuK5PhAAoP4rly5cuXL1EV4wIV61Lly5cuXA6UYx97Dzr8jBToYAFqyhz+SM50ZBYwlNrD5xzW9ENZ/r2Mkfl0FESYrRK+IYDIWR0M3LlciQfmVUQI7m8v5HwjK6Ygn98ItC9EZXsGty5ehbm2T2wr8ODj7ZCF0BLS384ABcuXLi+2lBnNIbH8Cqb3k3pXJ9YcDNX7QaP3j/AFMAtSQGN+dBOxHbe36PigCEtPf8sQVKvLEgWMoG62dW9O6JTK18VEn6EZbrZeIEpPZHhdZ4uGbs/wAAp3EACfPj5mwB4qCONd3ztaPO6WVPR5+8ZFDxG0AP/N+Ol42sPgF/hw+wwVl2FWjLNf28SlW10sITqiCycKkfahdGPBWqoijBdjFdnitiFQkj0TzImS8JRCkALvagZ9MEAONEEYxXuAZf1HvCYKFrJS3lPnegU+PkqSgiq7jG8Cb7cNkACj/8Cu+hLOB+f+FedjcHp9TBOTCIow2xM7arxPlsV6HigjgEbV0HI+RHRG+FSgWjpBaAlZTTeW/EENkqLbjShAfw1LqyDWvg9fx2lX6kPL/8Jje/4WZR4R9v4Wt6Z2wBq6DgJUgqCoTCbZ5CeaWOrFz3ARqHPXI565ZZ1f8ARQlOpTqU6lOpTqU6lOpTqU6lOpTqU6iG+t1+RB8EeBP+WT/lk/5ZP+WT/hk/4ZP+GT/hkWG6/Sb8T2Cf8Cf8Sf8AEmGR7DBhi3BMN1A9Zw/sZw/sZw/sZw/sZw/sZw/sZw/sZw/sZw/sZw/sZw/sZw/sZw/sZw/sZw/sYdr7DBH9WcP7WCP6s4f2sEf1Zw/tZw/sZw/sZw/sZw/sZw/sZw/sZw/sZw/sZw/sZw/sYkmtiiBvBgU4X2c4X2c4X2c4X2c4X2c4X2c4X2c4X2c8u+IIajncH9dXVg7DCD680RlpiMAIdGH/AMtD/wCAQCgH/wDOf//Z');
INSERT INTO `user` (`id`, `username`, `password`, `email`, `is_verified`, `first_name`, `last_name`, `wpm`, `acc`, `avt`) VALUES
(43, 'eweq34', 'bcbd678e09ac5d3a2fc4039c1a986fb3', 'takumihoshi0186@gmail.com', 'no verified', 'Lê', 'Lộc', 0, 0, '../public/avt/0.jpg'),
(45, 'dinhle', 'bcbd678e09ac5d3a2fc4039c1a986fb3', 'lehpvinh@gmail.com', 'no verified', 'Vinh', 'Lê', 0, 0, '../public/avt/0.jpg'),
(48, 'mandat110', '0082771021a0757654a3ac4519e59849', 'JuniorKevin110@gmail.com', 'no verified', 'Đạt', 'Huỳnh', 0, 0, '../public/avt/0.jpg');

--
-- Chỉ mục cho các bảng đã đổ
--

--
-- Chỉ mục cho bảng `lesson`
--
ALTER TABLE `lesson`
  ADD PRIMARY KEY (`id`);

--
-- Chỉ mục cho bảng `list_test`
--
ALTER TABLE `list_test`
  ADD PRIMARY KEY (`id`),
  ADD KEY `id_user` (`id_user`);

--
-- Chỉ mục cho bảng `pass_lesson`
--
ALTER TABLE `pass_lesson`
  ADD PRIMARY KEY (`id_user`,`id_lesson`),
  ADD KEY `id_lesson` (`id_lesson`);

--
-- Chỉ mục cho bảng `user`
--
ALTER TABLE `user`
  ADD PRIMARY KEY (`id`);

--
-- AUTO_INCREMENT cho các bảng đã đổ
--

--
-- AUTO_INCREMENT cho bảng `list_test`
--
ALTER TABLE `list_test`
  MODIFY `id` int(11) NOT NULL AUTO_INCREMENT, AUTO_INCREMENT=10;

--
-- AUTO_INCREMENT cho bảng `user`
--
ALTER TABLE `user`
  MODIFY `id` int(11) NOT NULL AUTO_INCREMENT, AUTO_INCREMENT=49;

--
-- Các ràng buộc cho các bảng đã đổ
--

--
-- Các ràng buộc cho bảng `list_test`
--
ALTER TABLE `list_test`
  ADD CONSTRAINT `list_test_ibfk_1` FOREIGN KEY (`id_user`) REFERENCES `user` (`id`);

--
-- Các ràng buộc cho bảng `pass_lesson`
--
ALTER TABLE `pass_lesson`
  ADD CONSTRAINT `pass_lesson_ibfk_1` FOREIGN KEY (`id_user`) REFERENCES `user` (`id`),
  ADD CONSTRAINT `pass_lesson_ibfk_2` FOREIGN KEY (`id_lesson`) REFERENCES `lesson` (`id`);
COMMIT;

/*!40101 SET CHARACTER_SET_CLIENT=@OLD_CHARACTER_SET_CLIENT */;
/*!40101 SET CHARACTER_SET_RESULTS=@OLD_CHARACTER_SET_RESULTS */;
/*!40101 SET COLLATION_CONNECTION=@OLD_COLLATION_CONNECTION */;
